STRUCTURE,STRUCTURE_ID,STRUCTURE_NAME,freq,Time frequency,iccs,International classification of crime for statistical purposes (ICCS),unit,Unit of measure,geo,Geopolitical entity (reporting),TIME_PERIOD,Time,OBS_VALUE,Observation value,OBS_FLAG,Observation status (Flag) V2 structure,CONF_STATUS,Confidentiality status (flag)
dataflow,ESTAT:CRIM_OFF_CAT(1.0),Police-recorded offences by offence category,A,Annual,ICCS0101,Intentional homicide,P_HTHAB,Per hundred thousand inhabitants,DE,Germany,2008,,0.80,,,,,
dataflow,ESTAT:CRIM_OFF_CAT(1.0),Police-recorded offences by offence category,A,Annual,ICCS0101,Intentional homicide,P_HTHAB,Per hundred thousand inhabitants,DE,Germany,2009,,0.88,,,,,
dataflow,ESTAT:CRIM_OFF_CAT(1.0),Police-recorded offences by offence category,A,Annual,ICCS0101,Intentional homicide,P_HTHAB,Per hundred thousand inhabitants,DE,Germany,2010,,0.85,,,,,
dataflow,ESTAT:CRIM_OFF_CAT(1.0),Police-recorded offences by offence category,A,Annual,ICCS0101,Intentional homicide,P_HTHAB,Per hundred thousand inhabitants,DE,Germany,2011,,0.86,,,,,
dataflow,ESTAT:CRIM_OFF_CAT(1.0),Police-recorded offences by offence category,A,Annual,ICCS0101,Intentional homicide,P_HTHAB,Per hundred thousand inhabitants,DE,Germany,2012,,0.77,,,,,
dataflow,ESTAT:CRIM_OFF_CAT(1.0),Police-recorded offences by offence category,A,Annual,ICCS0101,Intentional homicide,P_HTHAB,Per hundred thousand inhabitants,DE,Germany,2013,,0.77,,,,,
dataflow,ESTAT:CRIM_OFF_CAT(1.0),Police-recorded offences by offence category,A,Annual,ICCS0101,Intentional homicide,P_HTHAB,Per hundred thousand inhabitants,DE,Germany,2014,,0.80,,,,,
dataflow,ESTAT:CRIM_OFF_CAT(1.0),Police-recorded offences by offence category,A,Annual,ICCS0101,Intentional homicide,P_HTHAB,Per hundred thousand inhabitants,DE,Germany,2015,,0.81,,,,,
dataflow,ESTAT:CRIM_OFF_CAT(1.0),Police-recorded offences by offence category,A,Annual,ICCS0101,Intentional homicide,P_HTHAB,Per hundred thousand inhabitants,DE,Germany,2016,,0.91,,,,,
dataflow,ESTAT:CRIM_OFF_CAT(1.0),Police-recorded offences by offence category,A,Annual,ICCS0101,Intentional homicide,P_HTHAB,Per hundred thousand inhabitants,DE,Germany,2017,,0.89,,,,,
dataflow,ESTAT:CRIM_OFF_CAT(1.0),Police-recorded offences by offence category,A,Annual,ICCS0101,Intentional homicide,P_HTHAB,Per hundred thousand inhabitants,DE,Germany,2018,,0.76,,,,,
dataflow,ESTAT:CRIM_OFF_CAT(1.0),Police-recorded offences by offence category,A,Annual,ICCS0101,Intentional homicide,P_HTHAB,Per hundred thousand inhabitants,DE,Germany,2019,,0.71,,,,,
dataflow,ESTAT:CRIM_OFF_CAT(1.0),Police-recorded offences by offence category,A,Annual,ICCS0101,Intentional homicide,P_HTHAB,Per hundred thousand inhabitants,DE,Germany,2020,,0.86,,,,,
dataflow,ESTAT:CRIM_OFF_CAT(1.0),Police-recorded offences by offence category,A,Annual,ICCS0101,Intentional homicide,P_HTHAB,Per hundred thousand inhabitants,DE,Germany,2021,,0.76,,,,,
dataflow,ESTAT:CRIM_OFF_CAT(1.0),Police-recorded offences by offence category,A,Annual,ICCS0101,Intentional homicide,P_HTHAB,Per hundred thousand inhabitants,DE,Germany,2022,,0.74,,,,,
dataflow,ESTAT:CRIM_OFF_CAT(1.0),Police-recorded offences by offence category,A,Annual,ICCS0101,Intentional homicide,P_HTHAB,Per hundred thousand inhabitants,DE,Germany,2023,,0.80,,,,,
dataflow,ESTAT:CRIM_OFF_CAT(1.0),Police-recorded offences by offence category,A,Annual,ICCS0101,Intentional homicide,P_HTHAB,Per hundred thousand inhabitants,FR,France,2008,,1.52,,,,,
dataflow,ESTAT:CRIM_OFF_CAT(1.0),Police-recorded offences by offence category,A,Annual,ICCS0101,Intentional homicide,P_HTHAB,Per hundred thousand inhabitants,FR,France,2009,,1.25,,,,,
dataflow,ESTAT:CRIM_OFF_CAT(1.0),Police-recorded offences by offence category,A,Annual,ICCS0101,Intentional homicide,P_HTHAB,Per hundred thousand inhabitants,FR,France,2010,,1.23,,,,,
dataflow,ESTAT:CRIM_OFF_CAT(1.0),Police-recorded offences by offence category,A,Annual,ICCS0101,Intentional homicide,P_HTHAB,Per hundred thousand inhabitants,FR,France,2011,,1.35,,,,,
dataflow,ESTAT:CRIM_OFF_CAT(1.0),Police-recorded offences by offence category,A,Annual,ICCS0101,Intentional homicide,P_HTHAB,Per hundred thousand inhabitants,FR,France,2012,,1.25,,,,,
dataflow,ESTAT:CRIM_OFF_CAT(1.0),Police-recorded offences by offence category,A,Annual,ICCS0101,Intentional homicide,P_HTHAB,Per hundred thousand inhabitants,FR,France,2013,,1.22,,,,,
dataflow,ESTAT:CRIM_OFF_CAT(1.0),Police-recorded offences by offence category,A,Annual,ICCS0101,Intentional homicide,P_HTHAB,Per hundred thousand inhabitants,FR,France,2014,,1.16,,,,,
dataflow,ESTAT:CRIM_OFF_CAT(1.0),Police-recorded offences by offence category,A,Annual,ICCS0101,Intentional homicide,P_HTHAB,Per hundred thousand inhabitants,FR,France,2015,,1.32,,,,,
dataflow,ESTAT:CRIM_OFF_CAT(1.0),Police-recorded offences by offence category,A,Annual,ICCS0101,Intentional homicide,P_HTHAB,Per hundred thousand inhabitants,FR,France,2016,,1.17,,,,,
dataflow,ESTAT:CRIM_OFF_CAT(1.0),Police-recorded offences by offence category,A,Annual,ICCS0101,Intentional homicide,P_HTHAB,Per hundred thousand inhabitants,FR,France,2017,,1.06,,,,,
dataflow,ESTAT:CRIM_OFF_CAT(1.0),Police-recorded offences by offence category,A,Annual,ICCS0101,Intentional homicide,P_HTHAB,Per hundred thousand inhabitants,FR,France,2018,,1.04,,,,,
dataflow,ESTAT:CRIM_OFF_CAT(1.0),Police-recorded offences by offence category,A,Annual,ICCS0101,Intentional homicide,P_HTHAB,Per hundred thousand inhabitants,FR,France,2019,,1.12,,,,,
dataflow,ESTAT:CRIM_OFF_CAT(1.0),Police-recorded offences by offence category,A,Annual,ICCS0101,Intentional homicide,P_HTHAB,Per hundred thousand inhabitants,FR,France,2020,,1.03,,,,,
dataflow,ESTAT:CRIM_OFF_CAT(1.0),Police-recorded offences by offence category,A,Annual,ICCS0101,Intentional homicide,P_HTHAB,Per hundred thousand inhabitants,FR,France,2021,,1.08,,,,,
dataflow,ESTAT:CRIM_OFF_CAT(1.0),Police-recorded offences by offence category,A,Annual,ICCS0101,Intentional homicide,P_HTHAB,Per hundred thousand inhabitants,FR,France,2022,,1.21,,,,,
dataflow,ESTAT:CRIM_OFF_CAT(1.0),Police-recorded offences by offence category,A,Annual,ICCS0101,Intentional homicide,P_HTHAB,Per hundred thousand inhabitants,FR,France,2023,,1.30,,,,,
dataflow,ESTAT:CRIM_OFF_CAT(1.0),Police-recorded offences by offence category,A,Annual,ICCS0101,Intentional homicide,P_HTHAB,Per hundred thousand inhabitants,UKC-L,England and Wales,2008,,1.17,,,,,
dataflow,ESTAT:CRIM_OFF_CAT(1.0),Police-recorded offences by offence category,A,Annual,ICCS0101,Intentional homicide,P_HTHAB,Per hundred thousand inhabitants,UKC-L,England and Wales,2009,,1.08,,,,,
dataflow,ESTAT:CRIM_OFF_CAT(1.0),Police-recorded offences by offence category,A,Annual,ICCS0101,Intentional homicide,P_HTHAB,Per hundred thousand inhabitants,UKC-L,England and Wales,2010,,1.14,,,,,
dataflow,ESTAT:CRIM_OFF_CAT(1.0),Police-recorded offences by offence category,A,Annual,ICCS0101,Intentional homicide,P_HTHAB,Per hundred thousand inhabitants,UKC-L,England and Wales,2011,,0.94,,,,,
dataflow,ESTAT:CRIM_OFF_CAT(1.0),Police-recorded offences by offence category,A,Annual,ICCS0101,Intentional homicide,P_HTHAB,Per hundred thousand inhabitants,UKC-L,England and Wales,2012,,0.97,,,,,
dataflow,ESTAT:CRIM_OFF_CAT(1.0),Police-recorded offences by offence category,A,Annual,ICCS0101,Intentional homicide,P_HTHAB,Per hundred thousand inhabitants,UKC-L,England and Wales,2013,,0.92,,,,,
dataflow,ESTAT:CRIM_OFF_CAT(1.0),Police-recorded offences by offence category,A,Annual,ICCS0101,Intentional homicide,P_HTHAB,Per hundred thousand inhabitants,UKC-L,England and Wales,2014,,0.89,,,,,
dataflow,ESTAT:CRIM_OFF_CAT(1.0),Police-recorded offences by offence category,A,Annual,ICCS0101,Intentional homicide,P_HTHAB,Per hundred thousand inhabitants,UKC-L,England and Wales,2015,,0.95,,,,,
dataflow,ESTAT:CRIM_OFF_CAT(1.0),Police-recorded offences by offence category,A,Annual,ICCS0101,Intentional homicide,P_HTHAB,Per hundred thousand inhabitants,UKC-L,England and Wales,2016,,1.16,,,,,
dataflow,ESTAT:CRIM_OFF_CAT(1.0),Police-recorded offences by offence category,A,Annual,ICCS0101,Intentional homicide,P_HTHAB,Per hundred thousand inhabitants,UKC-L,England and Wales,2017,,1.20,,,,,
dataflow,ESTAT:CRIM_OFF_CAT(1.0),Police-recorded offences by offence category,A,Annual,ICCS0101,Intentional homicide,P_HTHAB,Per hundred thousand inhabitants,UKC-L,England and Wales,2018,,1.14,,,,,
dataflow,ESTAT:CRIM_OFF_CAT(1.0),Police-recorded offences by offence category,A,Annual,ICCS0101,Intentional homicide,P_HTHAB,Per hundred thousand inhabitants,UKM,Scotland (NUTS 2021),2008,,1.83,,,,,
dataflow,ESTAT:CRIM_OFF_CAT(1.0),Police-recorded offences by offence category,A,Annual,ICCS0101,Intentional homicide,P_HTHAB,Per hundred thousand inhabitants,UKM,Scotland (NUTS 2021),2009,,1.61,,,,,
dataflow,ESTAT:CRIM_OFF_CAT(1.0),Police-recorded offences by offence category,A,Annual,ICCS0101,Intentional homicide,P_HTHAB,Per hundred thousand inhabitants,UKM,Scotland (NUTS 2021),2010,,1.91,,,,,
dataflow,ESTAT:CRIM_OFF_CAT(1.0),Police-recorded offences by offence category,A,Annual,ICCS0101,Intentional homicide,P_HTHAB,Per hundred thousand inhabitants,UKM,Scotland (NUTS 2021),2011,,1.76,,,,,
dataflow,ESTAT:CRIM_OFF_CAT(1.0),Police-recorded offences by offence category,A,Annual,ICCS0101,Intentional homicide,P_HTHAB,Per hundred thousand inhabitants,UKM,Scotland (NUTS 2021),2012,,1.19,,,,,
dataflow,ESTAT:CRIM_OFF_CAT(1.0),Police-recorded offences by offence category,A,Annual,ICCS0101,Intentional homicide,P_HTHAB,Per hundred thousand inhabitants,UKM,Scotland (NUTS 2021),2013,,1.15,,,,,
dataflow,ESTAT:CRIM_OFF_CAT(1.0),Police-recorded offences by offence category,A,Annual,ICCS0101,Intentional homicide,P_HTHAB,Per hundred thousand inhabitants,UKM,Scotland (NUTS 2021),2014,,1.16,,,,,
dataflow,ESTAT:CRIM_OFF_CAT(1.0),Police-recorded offences by offence category,A,Annual,ICCS0101,Intentional homicide,P_HTHAB,Per hundred thousand inhabitants,UKM,Scotland (NUTS 2021),2015,,1.10,,,,,
dataflow,ESTAT:CRIM_OFF_CAT(1.0),Police-recorded offences by offence category,A,Annual,ICCS0101,Intentional homicide,P_HTHAB,Per hundred thousand inhabitants,UKM,Scotland (NUTS 2021),2016,,1.15,,,,,
dataflow,ESTAT:CRIM_OFF_CAT(1.0),Police-recorded offences by offence category,A,Annual,ICCS0101,Intentional homicide,P_HTHAB,Per hundred thousand inhabitants,UKM,Scotland (NUTS 2021),2017,,1.09,,,,,
dataflow,ESTAT:CRIM_OFF_CAT(1.0),Police-recorded offences by offence category,A,Annual,ICCS0101,Intentional homicide,P_HTHAB,Per hundred thousand inhabitants,UKM,Scotland (NUTS 2021),2018,,1.10,,,,,
dataflow,ESTAT:CRIM_OFF_CAT(1.0),Police-recorded offences by offence category,A,Annual,ICCS0101,Intentional homicide,P_HTHAB,Per hundred thousand inhabitants,UKN,Northern Ireland (UK) (NUTS 2021),2008,,1.36,,,,,
dataflow,ESTAT:CRIM_OFF_CAT(1.0),Police-recorded offences by offence category,A,Annual,ICCS0101,Intentional homicide,P_HTHAB,Per hundred thousand inhabitants,UKN,Northern Ireland (UK) (NUTS 2021),2009,,1.62,,,,,
dataflow,ESTAT:CRIM_OFF_CAT(1.0),Police-recorded offences by offence category,A,Annual,ICCS0101,Intentional homicide,P_HTHAB,Per hundred thousand inhabitants,UKN,Northern Ireland (UK) (NUTS 2021),2010,,1.28,,,,,
dataflow,ESTAT:CRIM_OFF_CAT(1.0),Police-recorded offences by offence category,A,Annual,ICCS0101,Intentional homicide,P_HTHAB,Per hundred thousand inhabitants,UKN,Northern Ireland (UK) (NUTS 2021),2011,,1.27,,,,,
dataflow,ESTAT:CRIM_OFF_CAT(1.0),Police-recorded offences by offence category,A,Annual,ICCS0101,Intentional homicide,P_HTHAB,Per hundred thousand inhabitants,UKN,Northern Ireland (UK) (NUTS 2021),2012,,1.15,,,,,
dataflow,ESTAT:CRIM_OFF_CAT(1.0),Police-recorded offences by offence category,A,Annual,ICCS0101,Intentional homicide,P_HTHAB,Per hundred thousand inhabitants,UKN,Northern Ireland (UK) (NUTS 2021),2013,,1.09,,,,,
dataflow,ESTAT:CRIM_OFF_CAT(1.0),Police-recorded offences by offence category,A,Annual,ICCS0101,Intentional homicide,P_HTHAB,Per hundred thousand inhabitants,UKN,Northern Ireland (UK) (NUTS 2021),2014,,0.93,,,,,
dataflow,ESTAT:CRIM_OFF_CAT(1.0),Police-recorded offences by offence category,A,Annual,ICCS0101,Intentional homicide,P_HTHAB,Per hundred thousand inhabitants,UKN,Northern Ireland (UK) (NUTS 2021),2015,,1.30,,,,,
dataflow,ESTAT:CRIM_OFF_CAT(1.0),Police-recorded offences by offence category,A,Annual,ICCS0101,Intentional homicide,P_HTHAB,Per hundred thousand inhabitants,UKN,Northern Ireland (UK) (NUTS 2021),2016,,0.97,,,,,
dataflow,ESTAT:CRIM_OFF_CAT(1.0),Police-recorded offences by offence category,A,Annual,ICCS0101,Intentional homicide,P_HTHAB,Per hundred thousand inhabitants,UKN,Northern Ireland (UK) (NUTS 2021),2017,,1.29,,,,,
dataflow,ESTAT:CRIM_OFF_CAT(1.0),Police-recorded offences by offence category,A,Annual,ICCS0101,Intentional homicide,P_HTHAB,Per hundred thousand inhabitants,UKN,Northern Ireland (UK) (NUTS 2021),2018,,1.23,,,,,
dataflow,ESTAT:CRIM_OFF_CAT(1.0),Police-recorded offences by offence category,A,Annual,ICCS0301,Sexual violence,P_HTHAB,Per hundred thousand inhabitants,DE,Germany,2008,,69.07,,,,,
dataflow,ESTAT:CRIM_OFF_CAT(1.0),Police-recorded offences by offence category,A,Annual,ICCS0301,Sexual violence,P_HTHAB,Per hundred thousand inhabitants,DE,Germany,2009,,59.86,,,,,
dataflow,ESTAT:CRIM_OFF_CAT(1.0),Police-recorded offences by offence category,A,Annual,ICCS0301,Sexual violence,P_HTHAB,Per hundred thousand inhabitants,DE,Germany,2010,,44.70,,,,,
dataflow,ESTAT:CRIM_OFF_CAT(1.0),Police-recorded offences by offence category,A,Annual,ICCS0301,Sexual violence,P_HTHAB,Per hundred thousand inhabitants,DE,Germany,2011,,45.32,,,,,
dataflow,ESTAT:CRIM_OFF_CAT(1.0),Police-recorded offences by offence category,A,Annual,ICCS0301,Sexual violence,P_HTHAB,Per hundred thousand inhabitants,DE,Germany,2012,,45.16,,,,,
dataflow,ESTAT:CRIM_OFF_CAT(1.0),Police-recorded offences by offence category,A,Annual,ICCS0301,Sexual violence,P_HTHAB,Per hundred thousand inhabitants,DE,Germany,2013,,43.88,,,,,
dataflow,ESTAT:CRIM_OFF_CAT(1.0),Police-recorded offences by offence category,A,Annual,ICCS0301,Sexual violence,P_HTHAB,Per hundred thousand inhabitants,DE,Germany,2014,,43.28,,,,,
dataflow,ESTAT:CRIM_OFF_CAT(1.0),Police-recorded offences by offence category,A,Annual,ICCS0301,Sexual violence,P_HTHAB,Per hundred thousand inhabitants,DE,Germany,2015,,42.20,,,,,
dataflow,ESTAT:CRIM_OFF_CAT(1.0),Police-recorded offences by offence category,A,Annual,ICCS0301,Sexual violence,P_HTHAB,Per hundred thousand inhabitants,DE,Germany,2016,,45.23,,,,,
dataflow,ESTAT:CRIM_OFF_CAT(1.0),Police-recorded offences by offence category,A,Annual,ICCS0301,Sexual violence,P_HTHAB,Per hundred thousand inhabitants,DE,Germany,2017,,42.19,,,,,
dataflow,ESTAT:CRIM_OFF_CAT(1.0),Police-recorded offences by offence category,A,Annual,ICCS0301,Sexual violence,P_HTHAB,Per hundred thousand inhabitants,DE,Germany,2018,,49.02,,,,,
dataflow,ESTAT:CRIM_OFF_CAT(1.0),Police-recorded offences by offence category,A,Annual,ICCS0301,Sexual violence,P_HTHAB,Per hundred thousand inhabitants,DE,Germany,2019,,49.05,,,,,
dataflow,ESTAT:CRIM_OFF_CAT(1.0),Police-recorded offences by offence category,A,Annual,ICCS0301,Sexual violence,P_HTHAB,Per hundred thousand inhabitants,DE,Germany,2020,,49.39,,,,,
dataflow,ESTAT:CRIM_OFF_CAT(1.0),Police-recorded offences by offence category,A,Annual,ICCS0301,Sexual violence,P_HTHAB,Per hundred thousand inhabitants,DE,Germany,2021,,50.26,,,,,
dataflow,ESTAT:CRIM_OFF_CAT(1.0),Police-recorded offences by offence category,A,Annual,ICCS0301,Sexual violence,P_HTHAB,Per hundred thousand inhabitants,DE,Germany,2022,,59.70,,,,,
dataflow,ESTAT:CRIM_OFF_CAT(1.0),Police-recorded offences by offence category,A,Annual,ICCS0301,Sexual violence,P_HTHAB,Per hundred thousand inhabitants,DE,Germany,2023,,63.35,,,,,
dataflow,ESTAT:CRIM_OFF_CAT(1.0),Police-recorded offences by offence category,A,Annual,ICCS0301,Sexual violence,P_HTHAB,Per hundred thousand inhabitants,FR,France,2008,,37.54,,,,,
dataflow,ESTAT:CRIM_OFF_CAT(1.0),Police-recorded offences by offence category,A,Annual,ICCS0301,Sexual violence,P_HTHAB,Per hundred thousand inhabitants,FR,France,2009,,36.14,,,,,
dataflow,ESTAT:CRIM_OFF_CAT(1.0),Police-recorded offences by offence category,A,Annual,ICCS0301,Sexual violence,P_HTHAB,Per hundred thousand inhabitants,FR,France,2010,,35.51,,,,,
dataflow,ESTAT:CRIM_OFF_CAT(1.0),Police-recorded offences by offence category,A,Annual,ICCS0301,Sexual violence,P_HTHAB,Per hundred thousand inhabitants,FR,France,2011,,36.74,,,,,
dataflow,ESTAT:CRIM_OFF_CAT(1.0),Police-recorded offences by offence category,A,Annual,ICCS0301,Sexual violence,P_HTHAB,Per hundred thousand inhabitants,FR,France,2012,,41.03,,,,,
dataflow,ESTAT:CRIM_OFF_CAT(1.0),Police-recorded offences by offence category,A,Annual,ICCS0301,Sexual violence,P_HTHAB,Per hundred thousand inhabitants,FR,France,2013,,42.34,,,,,
dataflow,ESTAT:CRIM_OFF_CAT(1.0),Police-recorded offences by offence category,A,Annual,ICCS0301,Sexual violence,P_HTHAB,Per hundred thousand inhabitants,FR,France,2014,,46.95,,,,,
dataflow,ESTAT:CRIM_OFF_CAT(1.0),Police-recorded offences by offence category,A,Annual,ICCS0301,Sexual violence,P_HTHAB,Per hundred thousand inhabitants,FR,France,2015,,50.06,,,,,
dataflow,ESTAT:CRIM_OFF_CAT(1.0),Police-recorded offences by offence category,A,Annual,ICCS0301,Sexual violence,P_HTHAB,Per hundred thousand inhabitants,FR,France,2016,,53.22,,,,,
dataflow,ESTAT:CRIM_OFF_CAT(1.0),Police-recorded offences by offence category,A,Annual,ICCS0301,Sexual violence,P_HTHAB,Per hundred thousand inhabitants,FR,France,2017,,59.41,,,,,
dataflow,ESTAT:CRIM_OFF_CAT(1.0),Police-recorded offences by offence category,A,Annual,ICCS0301,Sexual violence,P_HTHAB,Per hundred thousand inhabitants,FR,France,2018,,71.63,,,,,
dataflow,ESTAT:CRIM_OFF_CAT(1.0),Police-recorded offences by offence category,A,Annual,ICCS0301,Sexual violence,P_HTHAB,Per hundred thousand inhabitants,FR,France,2019,,82.20,,,,,
dataflow,ESTAT:CRIM_OFF_CAT(1.0),Police-recorded offences by offence category,A,Annual,ICCS0301,Sexual violence,P_HTHAB,Per hundred thousand inhabitants,FR,France,2020,,83.55,,,,,
dataflow,ESTAT:CRIM_OFF_CAT(1.0),Police-recorded offences by offence category,A,Annual,ICCS0301,Sexual violence,P_HTHAB,Per hundred thousand inhabitants,FR,France,2021,,109.62,,,,,
dataflow,ESTAT:CRIM_OFF_CAT(1.0),Police-recorded offences by offence category,A,Annual,ICCS0301,Sexual violence,P_HTHAB,Per hundred thousand inhabitants,FR,France,2022,,122.71,,,,,
dataflow,ESTAT:CRIM_OFF_CAT(1.0),Police-recorded offences by offence category,A,Annual,ICCS0301,Sexual violence,P_HTHAB,Per hundred thousand inhabitants,FR,France,2023,,131.26,,,,,
dataflow,ESTAT:CRIM_OFF_CAT(1.0),Police-recorded offences by offence category,A,Annual,ICCS0301,Sexual violence,P_HTHAB,Per hundred thousand inhabitants,UKC-L,England and Wales,2008,,64.65,,,,,
dataflow,ESTAT:CRIM_OFF_CAT(1.0),Police-recorded offences by offence category,A,Annual,ICCS0301,Sexual violence,P_HTHAB,Per hundred thousand inhabitants,UKC-L,England and Wales,2009,,67.78,,,,,
dataflow,ESTAT:CRIM_OFF_CAT(1.0),Police-recorded offences by offence category,A,Annual,ICCS0301,Sexual violence,P_HTHAB,Per hundred thousand inhabitants,UKC-L,England and Wales,2010,,70.52,,,,,
dataflow,ESTAT:CRIM_OFF_CAT(1.0),Police-recorded offences by offence category,A,Annual,ICCS0301,Sexual violence,P_HTHAB,Per hundred thousand inhabitants,UKC-L,England and Wales,2011,,68.47,,,,,
dataflow,ESTAT:CRIM_OFF_CAT(1.0),Police-recorded offences by offence category,A,Annual,ICCS0301,Sexual violence,P_HTHAB,Per hundred thousand inhabitants,UKC-L,England and Wales,2012,,69.06,,,,,
dataflow,ESTAT:CRIM_OFF_CAT(1.0),Police-recorded offences by offence category,A,Annual,ICCS0301,Sexual violence,P_HTHAB,Per hundred thousand inhabitants,UKC-L,England and Wales,2013,,82.57,,,,,
dataflow,ESTAT:CRIM_OFF_CAT(1.0),Police-recorded offences by offence category,A,Annual,ICCS0301,Sexual violence,P_HTHAB,Per hundred thousand inhabitants,UKC-L,England and Wales,2014,,137.79,,,,,
dataflow,ESTAT:CRIM_OFF_CAT(1.0),Police-recorded offences by offence category,A,Annual,ICCS0301,Sexual violence,P_HTHAB,Per hundred thousand inhabitants,UKC-L,England and Wales,2015,,184.81,,,,,
dataflow,ESTAT:CRIM_OFF_CAT(1.0),Police-recorded offences by offence category,A,Annual,ICCS0301,Sexual violence,P_HTHAB,Per hundred thousand inhabitants,UKC-L,England and Wales,2016,,210.19,,,,,
dataflow,ESTAT:CRIM_OFF_CAT(1.0),Police-recorded offences by offence category,A,Annual,ICCS0301,Sexual violence,P_HTHAB,Per hundred thousand inhabitants,UKC-L,England and Wales,2017,,258.05,,,,,
dataflow,ESTAT:CRIM_OFF_CAT(1.0),Police-recorded offences by offence category,A,Annual,ICCS0301,Sexual violence,P_HTHAB,Per hundred thousand inhabitants,UKC-L,England and Wales,2018,,274.81,,,,,
dataflow,ESTAT:CRIM_OFF_CAT(1.0),Police-recorded offences by offence category,A,Annual,ICCS0301,Sexual violence,P_HTHAB,Per hundred thousand inhabitants,UKM,Scotland (NUTS 2021),2008,,86.98,,,,,
dataflow,ESTAT:CRIM_OFF_CAT(1.0),Police-recorded offences by offence category,A,Annual,ICCS0301,Sexual violence,P_HTHAB,Per hundred thousand inhabitants,UKM,Scotland (NUTS 2021),2009,,92.97,,,,,
dataflow,ESTAT:CRIM_OFF_CAT(1.0),Police-recorded offences by offence category,A,Annual,ICCS0301,Sexual violence,P_HTHAB,Per hundred thousand inhabitants,UKM,Scotland (NUTS 2021),2010,,99.72,,,,,
dataflow,ESTAT:CRIM_OFF_CAT(1.0),Police-recorded offences by offence category,A,Annual,ICCS0301,Sexual violence,P_HTHAB,Per hundred thousand inhabitants,UKM,Scotland (NUTS 2021),2011,,118.02,,,,,
dataflow,ESTAT:CRIM_OFF_CAT(1.0),Police-recorded offences by offence category,A,Annual,ICCS0301,Sexual violence,P_HTHAB,Per hundred thousand inhabitants,UKM,Scotland (NUTS 2021),2012,,126.91,,,,,
dataflow,ESTAT:CRIM_OFF_CAT(1.0),Police-recorded offences by offence category,A,Annual,ICCS0301,Sexual violence,P_HTHAB,Per hundred thousand inhabitants,UKM,Scotland (NUTS 2021),2013,,152.52,,,,,
dataflow,ESTAT:CRIM_OFF_CAT(1.0),Police-recorded offences by offence category,A,Annual,ICCS0301,Sexual violence,P_HTHAB,Per hundred thousand inhabitants,UKM,Scotland (NUTS 2021),2014,,160.26,,,,,
dataflow,ESTAT:CRIM_OFF_CAT(1.0),Police-recorded offences by offence category,A,Annual,ICCS0301,Sexual violence,P_HTHAB,Per hundred thousand inhabitants,UKM,Scotland (NUTS 2021),2015,,173.76,,,,,
dataflow,ESTAT:CRIM_OFF_CAT(1.0),Police-recorded offences by offence category,A,Annual,ICCS0301,Sexual violence,P_HTHAB,Per hundred thousand inhabitants,UKM,Scotland (NUTS 2021),2016,,186.92,,,,,
dataflow,ESTAT:CRIM_OFF_CAT(1.0),Police-recorded offences by offence category,A,Annual,ICCS0301,Sexual violence,P_HTHAB,Per hundred thousand inhabitants,UKM,Scotland (NUTS 2021),2017,,214.75,,,,,
dataflow,ESTAT:CRIM_OFF_CAT(1.0),Police-recorded offences by offence category,A,Annual,ICCS0301,Sexual violence,P_HTHAB,Per hundred thousand inhabitants,UKM,Scotland (NUTS 2021),2018,,233.68,,,,,
dataflow,ESTAT:CRIM_OFF_CAT(1.0),Police-recorded offences by offence category,A,Annual,ICCS0301,Sexual violence,P_HTHAB,Per hundred thousand inhabitants,UKN,Northern Ireland (UK) (NUTS 2021),2008,,100.37,,,,,
dataflow,ESTAT:CRIM_OFF_CAT(1.0),Police-recorded offences by offence category,A,Annual,ICCS0301,Sexual violence,P_HTHAB,Per hundred thousand inhabitants,UKN,Northern Ireland (UK) (NUTS 2021),2009,,99.04,,,,,
dataflow,ESTAT:CRIM_OFF_CAT(1.0),Police-recorded offences by offence category,A,Annual,ICCS0301,Sexual violence,P_HTHAB,Per hundred thousand inhabitants,UKN,Northern Ireland (UK) (NUTS 2021),2010,,103.83,,,,,
dataflow,ESTAT:CRIM_OFF_CAT(1.0),Police-recorded offences by offence category,A,Annual,ICCS0301,Sexual violence,P_HTHAB,Per hundred thousand inhabitants,UKN,Northern Ireland (UK) (NUTS 2021),2011,,101.68,,,,,
dataflow,ESTAT:CRIM_OFF_CAT(1.0),Police-recorded offences by offence category,A,Annual,ICCS0301,Sexual violence,P_HTHAB,Per hundred thousand inhabitants,UKN,Northern Ireland (UK) (NUTS 2021),2012,,102.20,,,,,
dataflow,ESTAT:CRIM_OFF_CAT(1.0),Police-recorded offences by offence category,A,Annual,ICCS0301,Sexual violence,P_HTHAB,Per hundred thousand inhabitants,UKN,Northern Ireland (UK) (NUTS 2021),2013,,117.87,,,,,
dataflow,ESTAT:CRIM_OFF_CAT(1.0),Police-recorded offences by offence category,A,Annual,ICCS0301,Sexual violence,P_HTHAB,Per hundred thousand inhabitants,UKN,Northern Ireland (UK) (NUTS 2021),2014,,140.53,,,,,
dataflow,ESTAT:CRIM_OFF_CAT(1.0),Police-recorded offences by offence category,A,Annual,ICCS0301,Sexual violence,P_HTHAB,Per hundred thousand inhabitants,UKN,Northern Ireland (UK) (NUTS 2021),2015,,157.62,,,,,
dataflow,ESTAT:CRIM_OFF_CAT(1.0),Police-recorded offences by offence category,A,Annual,ICCS0301,Sexual violence,P_HTHAB,Per hundred thousand inhabitants,UKN,Northern Ireland (UK) (NUTS 2021),2016,,171.35,,,,,
dataflow,ESTAT:CRIM_OFF_CAT(1.0),Police-recorded offences by offence category,A,Annual,ICCS0301,Sexual violence,P_HTHAB,Per hundred thousand inhabitants,UKN,Northern Ireland (UK) (NUTS 2021),2017,,179.79,,,,,
dataflow,ESTAT:CRIM_OFF_CAT(1.0),Police-recorded offences by offence category,A,Annual,ICCS0301,Sexual violence,P_HTHAB,Per hundred thousand inhabitants,UKN,Northern Ireland (UK) (NUTS 2021),2018,,193.02,,,,,
dataflow,ESTAT:CRIM_OFF_CAT(1.0),Police-recorded offences by offence category,A,Annual,ICCS03011,Rape,P_HTHAB,Per hundred thousand inhabitants,DE,Germany,2008,,8.87,,,,,
dataflow,ESTAT:CRIM_OFF_CAT(1.0),Police-recorded offences by offence category,A,Annual,ICCS03011,Rape,P_HTHAB,Per hundred thousand inhabitants,DE,Germany,2009,,8.92,,,,,
dataflow,ESTAT:CRIM_OFF_CAT(1.0),Police-recorded offences by offence category,A,Annual,ICCS03011,Rape,P_HTHAB,Per hundred thousand inhabitants,DE,Germany,2010,,9.44,,,,,
dataflow,ESTAT:CRIM_OFF_CAT(1.0),Police-recorded offences by offence category,A,Annual,ICCS03011,Rape,P_HTHAB,Per hundred thousand inhabitants,DE,Germany,2011,,9.40,,,,,
dataflow,ESTAT:CRIM_OFF_CAT(1.0),Police-recorded offences by offence category,A,Annual,ICCS03011,Rape,P_HTHAB,Per hundred thousand inhabitants,DE,Germany,2012,,10.00,,,,,
dataflow,ESTAT:CRIM_OFF_CAT(1.0),Police-recorded offences by offence category,A,Annual,ICCS03011,Rape,P_HTHAB,Per hundred thousand inhabitants,DE,Germany,2013,,9.20,,,,,
dataflow,ESTAT:CRIM_OFF_CAT(1.0),Police-recorded offences by offence category,A,Annual,ICCS03011,Rape,P_HTHAB,Per hundred thousand inhabitants,DE,Germany,2014,,9.09,,,,,
dataflow,ESTAT:CRIM_OFF_CAT(1.0),Police-recorded offences by offence category,A,Annual,ICCS03011,Rape,P_HTHAB,Per hundred thousand inhabitants,DE,Germany,2015,,8.65,,,,,
dataflow,ESTAT:CRIM_OFF_CAT(1.0),Police-recorded offences by offence category,A,Annual,ICCS03011,Rape,P_HTHAB,Per hundred thousand inhabitants,DE,Germany,2016,,9.64,,,,,
dataflow,ESTAT:CRIM_OFF_CAT(1.0),Police-recorded offences by offence category,A,Annual,ICCS03011,Rape,P_HTHAB,Per hundred thousand inhabitants,DE,Germany,2017,,10.07,,,,,
dataflow,ESTAT:CRIM_OFF_CAT(1.0),Police-recorded offences by offence category,A,Annual,ICCS03011,Rape,P_HTHAB,Per hundred thousand inhabitants,DE,Germany,2018,,10.91,,,,,
dataflow,ESTAT:CRIM_OFF_CAT(1.0),Police-recorded offences by offence category,A,Annual,ICCS03011,Rape,P_HTHAB,Per hundred thousand inhabitants,DE,Germany,2019,,11.53,,,,,
dataflow,ESTAT:CRIM_OFF_CAT(1.0),Police-recorded offences by offence category,A,Annual,ICCS03011,Rape,P_HTHAB,Per hundred thousand inhabitants,DE,Germany,2020,,12.17,,,,,
dataflow,ESTAT:CRIM_OFF_CAT(1.0),Police-recorded offences by offence category,A,Annual,ICCS03011,Rape,P_HTHAB,Per hundred thousand inhabitants,DE,Germany,2021,,12.52,,,,,
dataflow,ESTAT:CRIM_OFF_CAT(1.0),Police-recorded offences by offence category,A,Annual,ICCS03011,Rape,P_HTHAB,Per hundred thousand inhabitants,DE,Germany,2022,,15.09,,,,,
dataflow,ESTAT:CRIM_OFF_CAT(1.0),Police-recorded offences by offence category,A,Annual,ICCS03011,Rape,P_HTHAB,Per hundred thousand inhabitants,DE,Germany,2023,,15.77,,,,,
dataflow,ESTAT:CRIM_OFF_CAT(1.0),Police-recorded offences by offence category,A,Annual,ICCS03011,Rape,P_HTHAB,Per hundred thousand inhabitants,FR,France,2008,,16.06,,,,,
dataflow,ESTAT:CRIM_OFF_CAT(1.0),Police-recorded offences by offence category,A,Annual,ICCS03011,Rape,P_HTHAB,Per hundred thousand inhabitants,FR,France,2009,,15.29,,,,,
dataflow,ESTAT:CRIM_OFF_CAT(1.0),Police-recorded offences by offence category,A,Annual,ICCS03011,Rape,P_HTHAB,Per hundred thousand inhabitants,FR,France,2010,,15.63,,,,,
dataflow,ESTAT:CRIM_OFF_CAT(1.0),Police-recorded offences by offence category,A,Annual,ICCS03011,Rape,P_HTHAB,Per hundred thousand inhabitants,FR,France,2011,,16.01,,,,,
dataflow,ESTAT:CRIM_OFF_CAT(1.0),Police-recorded offences by offence category,A,Annual,ICCS03011,Rape,P_HTHAB,Per hundred thousand inhabitants,FR,France,2012,,16.68,,,,,
dataflow,ESTAT:CRIM_OFF_CAT(1.0),Police-recorded offences by offence category,A,Annual,ICCS03011,Rape,P_HTHAB,Per hundred thousand inhabitants,FR,France,2013,,17.03,,,,,
dataflow,ESTAT:CRIM_OFF_CAT(1.0),Police-recorded offences by offence category,A,Annual,ICCS03011,Rape,P_HTHAB,Per hundred thousand inhabitants,FR,France,2014,,18.44,,,,,
dataflow,ESTAT:CRIM_OFF_CAT(1.0),Police-recorded offences by offence category,A,Annual,ICCS03011,Rape,P_HTHAB,Per hundred thousand inhabitants,FR,France,2015,,19.28,,,,,
dataflow,ESTAT:CRIM_OFF_CAT(1.0),Police-recorded offences by offence category,A,Annual,ICCS03011,Rape,P_HTHAB,Per hundred thousand inhabitants,FR,France,2016,,22.52,,,,,
dataflow,ESTAT:CRIM_OFF_CAT(1.0),Police-recorded offences by offence category,A,Annual,ICCS03011,Rape,P_HTHAB,Per hundred thousand inhabitants,FR,France,2017,,24.35,,,,,
dataflow,ESTAT:CRIM_OFF_CAT(1.0),Police-recorded offences by offence category,A,Annual,ICCS03011,Rape,P_HTHAB,Per hundred thousand inhabitants,FR,France,2018,,28.58,,,,,
dataflow,ESTAT:CRIM_OFF_CAT(1.0),Police-recorded offences by offence category,A,Annual,ICCS03011,Rape,P_HTHAB,Per hundred thousand inhabitants,FR,France,2019,,34.05,,,,,
dataflow,ESTAT:CRIM_OFF_CAT(1.0),Police-recorded offences by offence category,A,Annual,ICCS03011,Rape,P_HTHAB,Per hundred thousand inhabitants,FR,France,2020,,37.95,,,,,
dataflow,ESTAT:CRIM_OFF_CAT(1.0),Police-recorded offences by offence category,A,Annual,ICCS03011,Rape,P_HTHAB,Per hundred thousand inhabitants,FR,France,2021,,50.13,,,,,
dataflow,ESTAT:CRIM_OFF_CAT(1.0),Police-recorded offences by offence category,A,Annual,ICCS03011,Rape,P_HTHAB,Per hundred thousand inhabitants,FR,France,2022,,55.98,,,,,
dataflow,ESTAT:CRIM_OFF_CAT(1.0),Police-recorded offences by offence category,A,Annual,ICCS03011,Rape,P_HTHAB,Per hundred thousand inhabitants,FR,France,2023,,61.00,,,,,
dataflow,ESTAT:CRIM_OFF_CAT(1.0),Police-recorded offences by offence category,A,Annual,ICCS03011,Rape,P_HTHAB,Per hundred thousand inhabitants,UKC-L,England and Wales,2008,,23.98,,,,,
dataflow,ESTAT:CRIM_OFF_CAT(1.0),Police-recorded offences by offence category,A,Annual,ICCS03011,Rape,P_HTHAB,Per hundred thousand inhabitants,UKC-L,England and Wales,2009,,27.39,,,,,
dataflow,ESTAT:CRIM_OFF_CAT(1.0),Police-recorded offences by offence category,A,Annual,ICCS03011,Rape,P_HTHAB,Per hundred thousand inhabitants,UKC-L,England and Wales,2010,,28.65,,,,,
dataflow,ESTAT:CRIM_OFF_CAT(1.0),Police-recorded offences by offence category,A,Annual,ICCS03011,Rape,P_HTHAB,Per hundred thousand inhabitants,UKC-L,England and Wales,2011,,28.67,,,,,
dataflow,ESTAT:CRIM_OFF_CAT(1.0),Police-recorded offences by offence category,A,Annual,ICCS03011,Rape,P_HTHAB,Per hundred thousand inhabitants,UKC-L,England and Wales,2012,,29.05,,,,,
dataflow,ESTAT:CRIM_OFF_CAT(1.0),Police-recorded offences by offence category,A,Annual,ICCS03011,Rape,P_HTHAB,Per hundred thousand inhabitants,UKC-L,England and Wales,2013,,36.56,,,,,
dataflow,ESTAT:CRIM_OFF_CAT(1.0),Police-recorded offences by offence category,A,Annual,ICCS03011,Rape,P_HTHAB,Per hundred thousand inhabitants,UKC-L,England and Wales,2014,,51.40,,,,,
dataflow,ESTAT:CRIM_OFF_CAT(1.0),Police-recorded offences by offence category,A,Annual,ICCS03011,Rape,P_HTHAB,Per hundred thousand inhabitants,UKC-L,England and Wales,2015,,62.28,,,,,
dataflow,ESTAT:CRIM_OFF_CAT(1.0),Police-recorded offences by offence category,A,Annual,ICCS03011,Rape,P_HTHAB,Per hundred thousand inhabitants,UKC-L,England and Wales,2016,,71.59,,,,,
dataflow,ESTAT:CRIM_OFF_CAT(1.0),Police-recorded offences by offence category,A,Annual,ICCS03011,Rape,P_HTHAB,Per hundred thousand inhabitants,UKC-L,England and Wales,2017,,92.29,,,,,
dataflow,ESTAT:CRIM_OFF_CAT(1.0),Police-recorded offences by offence category,A,Annual,ICCS03011,Rape,P_HTHAB,Per hundred thousand inhabitants,UKC-L,England and Wales,2018,,99.48,,,,,
dataflow,ESTAT:CRIM_OFF_CAT(1.0),Police-recorded offences by offence category,A,Annual,ICCS03011,Rape,P_HTHAB,Per hundred thousand inhabitants,UKM,Scotland (NUTS 2021),2008,,15.83,,,,,
dataflow,ESTAT:CRIM_OFF_CAT(1.0),Police-recorded offences by offence category,A,Annual,ICCS03011,Rape,P_HTHAB,Per hundred thousand inhabitants,UKM,Scotland (NUTS 2021),2009,,16.94,,,,,
dataflow,ESTAT:CRIM_OFF_CAT(1.0),Police-recorded offences by offence category,A,Annual,ICCS03011,Rape,P_HTHAB,Per hundred thousand inhabitants,UKM,Scotland (NUTS 2021),2010,,19.00,,,,,
dataflow,ESTAT:CRIM_OFF_CAT(1.0),Police-recorded offences by offence category,A,Annual,ICCS03011,Rape,P_HTHAB,Per hundred thousand inhabitants,UKM,Scotland (NUTS 2021),2011,,22.40,,,,,
dataflow,ESTAT:CRIM_OFF_CAT(1.0),Police-recorded offences by offence category,A,Annual,ICCS03011,Rape,P_HTHAB,Per hundred thousand inhabitants,UKM,Scotland (NUTS 2021),2012,,25.86,,,,,
dataflow,ESTAT:CRIM_OFF_CAT(1.0),Police-recorded offences by offence category,A,Annual,ICCS03011,Rape,P_HTHAB,Per hundred thousand inhabitants,UKM,Scotland (NUTS 2021),2013,,31.77,,,,,
dataflow,ESTAT:CRIM_OFF_CAT(1.0),Police-recorded offences by offence category,A,Annual,ICCS03011,Rape,P_HTHAB,Per hundred thousand inhabitants,UKM,Scotland (NUTS 2021),2014,,33.67,,,,,
dataflow,ESTAT:CRIM_OFF_CAT(1.0),Police-recorded offences by offence category,A,Annual,ICCS03011,Rape,P_HTHAB,Per hundred thousand inhabitants,UKM,Scotland (NUTS 2021),2015,,31.59,,,,,
dataflow,ESTAT:CRIM_OFF_CAT(1.0),Police-recorded offences by offence category,A,Annual,ICCS03011,Rape,P_HTHAB,Per hundred thousand inhabitants,UKM,Scotland (NUTS 2021),2016,,32.64,,,,,
dataflow,ESTAT:CRIM_OFF_CAT(1.0),Police-recorded offences by offence category,A,Annual,ICCS03011,Rape,P_HTHAB,Per hundred thousand inhabitants,UKM,Scotland (NUTS 2021),2017,,39.45,,,,,
dataflow,ESTAT:CRIM_OFF_CAT(1.0),Police-recorded offences by offence category,A,Annual,ICCS03011,Rape,P_HTHAB,Per hundred thousand inhabitants,UKM,Scotland (NUTS 2021),2018,,42.17,,,,,
dataflow,ESTAT:CRIM_OFF_CAT(1.0),Police-recorded offences by offence category,A,Annual,ICCS03011,Rape,P_HTHAB,Per hundred thousand inhabitants,UKN,Northern Ireland (UK) (NUTS 2021),2008,,20.79,,,,,
dataflow,ESTAT:CRIM_OFF_CAT(1.0),Police-recorded offences by offence category,A,Annual,ICCS03011,Rape,P_HTHAB,Per hundred thousand inhabitants,UKN,Northern Ireland (UK) (NUTS 2021),2009,,23.63,,,,,
dataflow,ESTAT:CRIM_OFF_CAT(1.0),Police-recorded offences by offence category,A,Annual,ICCS03011,Rape,P_HTHAB,Per hundred thousand inhabitants,UKN,Northern Ireland (UK) (NUTS 2021),2010,,27.68,,,,,
dataflow,ESTAT:CRIM_OFF_CAT(1.0),Police-recorded offences by offence category,A,Annual,ICCS03011,Rape,P_HTHAB,Per hundred thousand inhabitants,UKN,Northern Ireland (UK) (NUTS 2021),2011,,30.28,,,,,
dataflow,ESTAT:CRIM_OFF_CAT(1.0),Police-recorded offences by offence category,A,Annual,ICCS03011,Rape,P_HTHAB,Per hundred thousand inhabitants,UKN,Northern Ireland (UK) (NUTS 2021),2012,,27.65,,,,,
dataflow,ESTAT:CRIM_OFF_CAT(1.0),Police-recorded offences by offence category,A,Annual,ICCS03011,Rape,P_HTHAB,Per hundred thousand inhabitants,UKN,Northern Ireland (UK) (NUTS 2021),2013,,29.73,,,,,
dataflow,ESTAT:CRIM_OFF_CAT(1.0),Police-recorded offences by offence category,A,Annual,ICCS03011,Rape,P_HTHAB,Per hundred thousand inhabitants,UKN,Northern Ireland (UK) (NUTS 2021),2014,,37.39,,,,,
dataflow,ESTAT:CRIM_OFF_CAT(1.0),Police-recorded offences by offence category,A,Annual,ICCS03011,Rape,P_HTHAB,Per hundred thousand inhabitants,UKN,Northern Ireland (UK) (NUTS 2021),2015,,40.79,,,,,
dataflow,ESTAT:CRIM_OFF_CAT(1.0),Police-recorded offences by offence category,A,Annual,ICCS03011,Rape,P_HTHAB,Per hundred thousand inhabitants,UKN,Northern Ireland (UK) (NUTS 2021),2016,,44.60,,,,,
dataflow,ESTAT:CRIM_OFF_CAT(1.0),Police-recorded offences by offence category,A,Annual,ICCS03011,Rape,P_HTHAB,Per hundred thousand inhabitants,UKN,Northern Ireland (UK) (NUTS 2021),2017,,51.00,,,,,
dataflow,ESTAT:CRIM_OFF_CAT(1.0),Police-recorded offences by offence category,A,Annual,ICCS03011,Rape,P_HTHAB,Per hundred thousand inhabitants,UKN,Northern Ireland (UK) (NUTS 2021),2018,,58.10,,,,,
dataflow,ESTAT:CRIM_OFF_CAT(1.0),Police-recorded offences by offence category,A,Annual,ICCS03012,Sexual assault,P_HTHAB,Per hundred thousand inhabitants,DE,Germany,2008,,60.20,,,,,
dataflow,ESTAT:CRIM_OFF_CAT(1.0),Police-recorded offences by offence category,A,Annual,ICCS03012,Sexual assault,P_HTHAB,Per hundred thousand inhabitants,DE,Germany,2009,,50.94,,,,,
dataflow,ESTAT:CRIM_OFF_CAT(1.0),Police-recorded offences by offence category,A,Annual,ICCS03012,Sexual assault,P_HTHAB,Per hundred thousand inhabitants,DE,Germany,2010,,35.26,,,,,
dataflow,ESTAT:CRIM_OFF_CAT(1.0),Police-recorded offences by offence category,A,Annual,ICCS03012,Sexual assault,P_HTHAB,Per hundred thousand inhabitants,DE,Germany,2011,,35.92,,,,,
dataflow,ESTAT:CRIM_OFF_CAT(1.0),Police-recorded offences by offence category,A,Annual,ICCS03012,Sexual assault,P_HTHAB,Per hundred thousand inhabitants,DE,Germany,2012,,35.16,,,,,
dataflow,ESTAT:CRIM_OFF_CAT(1.0),Police-recorded offences by offence category,A,Annual,ICCS03012,Sexual assault,P_HTHAB,Per hundred thousand inhabitants,DE,Germany,2013,,34.68,,,,,
dataflow,ESTAT:CRIM_OFF_CAT(1.0),Police-recorded offences by offence category,A,Annual,ICCS03012,Sexual assault,P_HTHAB,Per hundred thousand inhabitants,DE,Germany,2014,,34.19,,,,,
dataflow,ESTAT:CRIM_OFF_CAT(1.0),Police-recorded offences by offence category,A,Annual,ICCS03012,Sexual assault,P_HTHAB,Per hundred thousand inhabitants,DE,Germany,2015,,33.55,,,,,
dataflow,ESTAT:CRIM_OFF_CAT(1.0),Police-recorded offences by offence category,A,Annual,ICCS03012,Sexual assault,P_HTHAB,Per hundred thousand inhabitants,DE,Germany,2016,,35.59,,,,,
dataflow,ESTAT:CRIM_OFF_CAT(1.0),Police-recorded offences by offence category,A,Annual,ICCS03012,Sexual assault,P_HTHAB,Per hundred thousand inhabitants,DE,Germany,2017,,32.12,,,,,
dataflow,ESTAT:CRIM_OFF_CAT(1.0),Police-recorded offences by offence category,A,Annual,ICCS03012,Sexual assault,P_HTHAB,Per hundred thousand inhabitants,DE,Germany,2018,,38.11,,,,,
dataflow,ESTAT:CRIM_OFF_CAT(1.0),Police-recorded offences by offence category,A,Annual,ICCS03012,Sexual assault,P_HTHAB,Per hundred thousand inhabitants,DE,Germany,2019,,37.52,,,,,
dataflow,ESTAT:CRIM_OFF_CAT(1.0),Police-recorded offences by offence category,A,Annual,ICCS03012,Sexual assault,P_HTHAB,Per hundred thousand inhabitants,DE,Germany,2020,,37.22,,,,,
dataflow,ESTAT:CRIM_OFF_CAT(1.0),Police-recorded offences by offence category,A,Annual,ICCS03012,Sexual assault,P_HTHAB,Per hundred thousand inhabitants,DE,Germany,2021,,37.74,,,,,
dataflow,ESTAT:CRIM_OFF_CAT(1.0),Police-recorded offences by offence category,A,Annual,ICCS03012,Sexual assault,P_HTHAB,Per hundred thousand inhabitants,DE,Germany,2022,,44.61,,,,,
dataflow,ESTAT:CRIM_OFF_CAT(1.0),Police-recorded offences by offence category,A,Annual,ICCS03012,Sexual assault,P_HTHAB,Per hundred thousand inhabitants,DE,Germany,2023,,47.58,,,,,
dataflow,ESTAT:CRIM_OFF_CAT(1.0),Police-recorded offences by offence category,A,Annual,ICCS03012,Sexual assault,P_HTHAB,Per hundred thousand inhabitants,FR,France,2008,,21.49,,,,,
dataflow,ESTAT:CRIM_OFF_CAT(1.0),Police-recorded offences by offence category,A,Annual,ICCS03012,Sexual assault,P_HTHAB,Per hundred thousand inhabitants,FR,France,2009,,20.84,,,,,
dataflow,ESTAT:CRIM_OFF_CAT(1.0),Police-recorded offences by offence category,A,Annual,ICCS03012,Sexual assault,P_HTHAB,Per hundred thousand inhabitants,FR,France,2010,,19.88,,,,,
dataflow,ESTAT:CRIM_OFF_CAT(1.0),Police-recorded offences by offence category,A,Annual,ICCS03012,Sexual assault,P_HTHAB,Per hundred thousand inhabitants,FR,France,2011,,20.72,,,,,
dataflow,ESTAT:CRIM_OFF_CAT(1.0),Police-recorded offences by offence category,A,Annual,ICCS03012,Sexual assault,P_HTHAB,Per hundred thousand inhabitants,FR,France,2012,,24.35,,,,,
dataflow,ESTAT:CRIM_OFF_CAT(1.0),Police-recorded offences by offence category,A,Annual,ICCS03012,Sexual assault,P_HTHAB,Per hundred thousand inhabitants,FR,France,2013,,25.32,,,,,
dataflow,ESTAT:CRIM_OFF_CAT(1.0),Police-recorded offences by offence category,A,Annual,ICCS03012,Sexual assault,P_HTHAB,Per hundred thousand inhabitants,FR,France,2014,,28.51,,,,,
dataflow,ESTAT:CRIM_OFF_CAT(1.0),Police-recorded offences by offence category,A,Annual,ICCS03012,Sexual assault,P_HTHAB,Per hundred thousand inhabitants,FR,France,2015,,30.78,,,,,
dataflow,ESTAT:CRIM_OFF_CAT(1.0),Police-recorded offences by offence category,A,Annual,ICCS03012,Sexual assault,P_HTHAB,Per hundred thousand inhabitants,FR,France,2016,,31.70,,,,,
dataflow,ESTAT:CRIM_OFF_CAT(1.0),Police-recorded offences by offence category,A,Annual,ICCS03012,Sexual assault,P_HTHAB,Per hundred thousand inhabitants,FR,France,2017,,35.05,,,,,
dataflow,ESTAT:CRIM_OFF_CAT(1.0),Police-recorded offences by offence category,A,Annual,ICCS03012,Sexual assault,P_HTHAB,Per hundred thousand inhabitants,FR,France,2018,,42.89,,,,,
dataflow,ESTAT:CRIM_OFF_CAT(1.0),Police-recorded offences by offence category,A,Annual,ICCS03012,Sexual assault,P_HTHAB,Per hundred thousand inhabitants,FR,France,2019,,48.16,,,,,
dataflow,ESTAT:CRIM_OFF_CAT(1.0),Police-recorded offences by offence category,A,Annual,ICCS03012,Sexual assault,P_HTHAB,Per hundred thousand inhabitants,FR,France,2020,,45.69,,,,,
dataflow,ESTAT:CRIM_OFF_CAT(1.0),Police-recorded offences by offence category,A,Annual,ICCS03012,Sexual assault,P_HTHAB,Per hundred thousand inhabitants,FR,France,2021,,59.53,,,,,
dataflow,ESTAT:CRIM_OFF_CAT(1.0),Police-recorded offences by offence category,A,Annual,ICCS03012,Sexual assault,P_HTHAB,Per hundred thousand inhabitants,FR,France,2022,,66.43,,,,,
dataflow,ESTAT:CRIM_OFF_CAT(1.0),Police-recorded offences by offence category,A,Annual,ICCS03012,Sexual assault,P_HTHAB,Per hundred thousand inhabitants,FR,France,2023,,70.25,,,,,
dataflow,ESTAT:CRIM_OFF_CAT(1.0),Police-recorded offences by offence category,A,Annual,ICCS03012,Sexual assault,P_HTHAB,Per hundred thousand inhabitants,UKC-L,England and Wales,2008,,40.67,,,,,
dataflow,ESTAT:CRIM_OFF_CAT(1.0),Police-recorded offences by offence category,A,Annual,ICCS03012,Sexual assault,P_HTHAB,Per hundred thousand inhabitants,UKC-L,England and Wales,2009,,40.39,,,,,
dataflow,ESTAT:CRIM_OFF_CAT(1.0),Police-recorded offences by offence category,A,Annual,ICCS03012,Sexual assault,P_HTHAB,Per hundred thousand inhabitants,UKC-L,England and Wales,2010,,41.87,,,,,
dataflow,ESTAT:CRIM_OFF_CAT(1.0),Police-recorded offences by offence category,A,Annual,ICCS03012,Sexual assault,P_HTHAB,Per hundred thousand inhabitants,UKC-L,England and Wales,2011,,39.80,,,,,
dataflow,ESTAT:CRIM_OFF_CAT(1.0),Police-recorded offences by offence category,A,Annual,ICCS03012,Sexual assault,P_HTHAB,Per hundred thousand inhabitants,UKC-L,England and Wales,2012,,40.01,,,,,
dataflow,ESTAT:CRIM_OFF_CAT(1.0),Police-recorded offences by offence category,A,Annual,ICCS03012,Sexual assault,P_HTHAB,Per hundred thousand inhabitants,UKC-L,England and Wales,2013,,46.01,,,,,
dataflow,ESTAT:CRIM_OFF_CAT(1.0),Police-recorded offences by offence category,A,Annual,ICCS03012,Sexual assault,P_HTHAB,Per hundred thousand inhabitants,UKC-L,England and Wales,2014,,61.07,,,,,
dataflow,ESTAT:CRIM_OFF_CAT(1.0),Police-recorded offences by offence category,A,Annual,ICCS03012,Sexual assault,P_HTHAB,Per hundred thousand inhabitants,UKC-L,England and Wales,2015,,71.82,,,,,
dataflow,ESTAT:CRIM_OFF_CAT(1.0),Police-recorded offences by offence category,A,Annual,ICCS03012,Sexual assault,P_HTHAB,Per hundred thousand inhabitants,UKC-L,England and Wales,2016,,79.39,,,,,
dataflow,ESTAT:CRIM_OFF_CAT(1.0),Police-recorded offences by offence category,A,Annual,ICCS03012,Sexual assault,P_HTHAB,Per hundred thousand inhabitants,UKC-L,England and Wales,2017,,95.29,,,,,
dataflow,ESTAT:CRIM_OFF_CAT(1.0),Police-recorded offences by offence category,A,Annual,ICCS03012,Sexual assault,P_HTHAB,Per hundred thousand inhabitants,UKC-L,England and Wales,2018,,100.17,,,,,
dataflow,ESTAT:CRIM_OFF_CAT(1.0),Police-recorded offences by offence category,A,Annual,ICCS03012,Sexual assault,P_HTHAB,Per hundred thousand inhabitants,UKM,Scotland (NUTS 2021),2008,,71.15,,,,,
dataflow,ESTAT:CRIM_OFF_CAT(1.0),Police-recorded offences by offence category,A,Annual,ICCS03012,Sexual assault,P_HTHAB,Per hundred thousand inhabitants,UKM,Scotland (NUTS 2021),2009,,76.02,,,,,
dataflow,ESTAT:CRIM_OFF_CAT(1.0),Police-recorded offences by offence category,A,Annual,ICCS03012,Sexual assault,P_HTHAB,Per hundred thousand inhabitants,UKM,Scotland (NUTS 2021),2010,,80.72,,,,,
dataflow,ESTAT:CRIM_OFF_CAT(1.0),Police-recorded offences by offence category,A,Annual,ICCS03012,Sexual assault,P_HTHAB,Per hundred thousand inhabitants,UKM,Scotland (NUTS 2021),2011,,95.61,,,,,
dataflow,ESTAT:CRIM_OFF_CAT(1.0),Police-recorded offences by offence category,A,Annual,ICCS03012,Sexual assault,P_HTHAB,Per hundred thousand inhabitants,UKM,Scotland (NUTS 2021),2012,,101.05,,,,,
dataflow,ESTAT:CRIM_OFF_CAT(1.0),Police-recorded offences by offence category,A,Annual,ICCS03012,Sexual assault,P_HTHAB,Per hundred thousand inhabitants,UKM,Scotland (NUTS 2021),2013,,66.22,,,,,
dataflow,ESTAT:CRIM_OFF_CAT(1.0),Police-recorded offences by offence category,A,Annual,ICCS03012,Sexual assault,P_HTHAB,Per hundred thousand inhabitants,UKM,Scotland (NUTS 2021),2014,,71.78,,,,,
dataflow,ESTAT:CRIM_OFF_CAT(1.0),Police-recorded offences by offence category,A,Annual,ICCS03012,Sexual assault,P_HTHAB,Per hundred thousand inhabitants,UKM,Scotland (NUTS 2021),2015,,76.17,,,,,
dataflow,ESTAT:CRIM_OFF_CAT(1.0),Police-recorded offences by offence category,A,Annual,ICCS03012,Sexual assault,P_HTHAB,Per hundred thousand inhabitants,UKM,Scotland (NUTS 2021),2016,,81.91,,,,,
dataflow,ESTAT:CRIM_OFF_CAT(1.0),Police-recorded offences by offence category,A,Annual,ICCS03012,Sexual assault,P_HTHAB,Per hundred thousand inhabitants,UKM,Scotland (NUTS 2021),2017,,91.33,,,,,
dataflow,ESTAT:CRIM_OFF_CAT(1.0),Police-recorded offences by offence category,A,Annual,ICCS03012,Sexual assault,P_HTHAB,Per hundred thousand inhabitants,UKM,Scotland (NUTS 2021),2018,,96.67,,,,,
dataflow,ESTAT:CRIM_OFF_CAT(1.0),Police-recorded offences by offence category,A,Annual,ICCS03012,Sexual assault,P_HTHAB,Per hundred thousand inhabitants,UKN,Northern Ireland (UK) (NUTS 2021),2008,,79.59,,,,,
dataflow,ESTAT:CRIM_OFF_CAT(1.0),Police-recorded offences by offence category,A,Annual,ICCS03012,Sexual assault,P_HTHAB,Per hundred thousand inhabitants,UKN,Northern Ireland (UK) (NUTS 2021),2009,,75.41,,,,,
dataflow,ESTAT:CRIM_OFF_CAT(1.0),Police-recorded offences by offence category,A,Annual,ICCS03012,Sexual assault,P_HTHAB,Per hundred thousand inhabitants,UKN,Northern Ireland (UK) (NUTS 2021),2010,,76.15,,,,,
dataflow,ESTAT:CRIM_OFF_CAT(1.0),Police-recorded offences by offence category,A,Annual,ICCS03012,Sexual assault,P_HTHAB,Per hundred thousand inhabitants,UKN,Northern Ireland (UK) (NUTS 2021),2011,,71.40,,,,,
dataflow,ESTAT:CRIM_OFF_CAT(1.0),Police-recorded offences by offence category,A,Annual,ICCS03012,Sexual assault,P_HTHAB,Per hundred thousand inhabitants,UKN,Northern Ireland (UK) (NUTS 2021),2012,,74.55,,,,,
dataflow,ESTAT:CRIM_OFF_CAT(1.0),Police-recorded offences by offence category,A,Annual,ICCS03012,Sexual assault,P_HTHAB,Per hundred thousand inhabitants,UKN,Northern Ireland (UK) (NUTS 2021),2013,,54.03,,,,,
dataflow,ESTAT:CRIM_OFF_CAT(1.0),Police-recorded offences by offence category,A,Annual,ICCS03012,Sexual assault,P_HTHAB,Per hundred thousand inhabitants,UKN,Northern Ireland (UK) (NUTS 2021),2014,,62.86,,,,,
dataflow,ESTAT:CRIM_OFF_CAT(1.0),Police-recorded offences by offence category,A,Annual,ICCS03012,Sexual assault,P_HTHAB,Per hundred thousand inhabitants,UKN,Northern Ireland (UK) (NUTS 2021),2015,,70.52,,,,,
dataflow,ESTAT:CRIM_OFF_CAT(1.0),Police-recorded offences by offence category,A,Annual,ICCS03012,Sexual assault,P_HTHAB,Per hundred thousand inhabitants,UKN,Northern Ireland (UK) (NUTS 2021),2016,,73.50,,,,,
dataflow,ESTAT:CRIM_OFF_CAT(1.0),Police-recorded offences by offence category,A,Annual,ICCS03012,Sexual assault,P_HTHAB,Per hundred thousand inhabitants,UKN,Northern Ireland (UK) (NUTS 2021),2017,,75.80,,,,,
dataflow,ESTAT:CRIM_OFF_CAT(1.0),Police-recorded offences by offence category,A,Annual,ICCS03012,Sexual assault,P_HTHAB,Per hundred thousand inhabitants,UKN,Northern Ireland (UK) (NUTS 2021),2018,,77.99,,,,,
dataflow,ESTAT:CRIM_OFF_CAT(1.0),Police-recorded offences by offence category,A,Annual,ICCS0502,Theft,P_HTHAB,Per hundred thousand inhabitants,DE,Germany,2008,,2496.92,,,,,
dataflow,ESTAT:CRIM_OFF_CAT(1.0),Police-recorded offences by offence category,A,Annual,ICCS0502,Theft,P_HTHAB,Per hundred thousand inhabitants,DE,Germany,2009,,1595.91,,,,,
dataflow,ESTAT:CRIM_OFF_CAT(1.0),Police-recorded offences by offence category,A,Annual,ICCS0502,Theft,P_HTHAB,Per hundred thousand inhabitants,DE,Germany,2010,,1491.38,,,,,
dataflow,ESTAT:CRIM_OFF_CAT(1.0),Police-recorded offences by offence category,A,Annual,ICCS0502,Theft,P_HTHAB,Per hundred thousand inhabitants,DE,Germany,2011,,1590.67,,,,,
dataflow,ESTAT:CRIM_OFF_CAT(1.0),Police-recorded offences by offence category,A,Annual,ICCS0502,Theft,P_HTHAB,Per hundred thousand inhabitants,DE,Germany,2012,,1578.00,,,,,
dataflow,ESTAT:CRIM_OFF_CAT(1.0),Police-recorded offences by offence category,A,Annual,ICCS0502,Theft,P_HTHAB,Per hundred thousand inhabitants,DE,Germany,2013,,1600.86,,,,,
dataflow,ESTAT:CRIM_OFF_CAT(1.0),Police-recorded offences by offence category,A,Annual,ICCS0502,Theft,P_HTHAB,Per hundred thousand inhabitants,DE,Germany,2014,,1636.98,,,,,
dataflow,ESTAT:CRIM_OFF_CAT(1.0),Police-recorded offences by offence category,A,Annual,ICCS0502,Theft,P_HTHAB,Per hundred thousand inhabitants,DE,Germany,2015,,1661.33,,,,,
dataflow,ESTAT:CRIM_OFF_CAT(1.0),Police-recorded offences by offence category,A,Annual,ICCS0502,Theft,P_HTHAB,Per hundred thousand inhabitants,DE,Germany,2016,,1570.39,,,,,
dataflow,ESTAT:CRIM_OFF_CAT(1.0),Police-recorded offences by offence category,A,Annual,ICCS0502,Theft,P_HTHAB,Per hundred thousand inhabitants,DE,Germany,2017,,1401.36,,,,,
dataflow,ESTAT:CRIM_OFF_CAT(1.0),Police-recorded offences by offence category,A,Annual,ICCS0502,Theft,P_HTHAB,Per hundred thousand inhabitants,DE,Germany,2018,,1307.46,,,,,
dataflow,ESTAT:CRIM_OFF_CAT(1.0),Police-recorded offences by offence category,A,Annual,ICCS0502,Theft,P_HTHAB,Per hundred thousand inhabitants,DE,Germany,2019,,1235.04,,,,,
dataflow,ESTAT:CRIM_OFF_CAT(1.0),Police-recorded offences by offence category,A,Annual,ICCS0502,Theft,P_HTHAB,Per hundred thousand inhabitants,DE,Germany,2020,,1120.39,,,,,
dataflow,ESTAT:CRIM_OFF_CAT(1.0),Police-recorded offences by offence category,A,Annual,ICCS0502,Theft,P_HTHAB,Per hundred thousand inhabitants,DE,Germany,2021,,1004.59,,,,,
dataflow,ESTAT:CRIM_OFF_CAT(1.0),Police-recorded offences by offence category,A,Annual,ICCS0502,Theft,P_HTHAB,Per hundred thousand inhabitants,DE,Germany,2022,,1254.11,,,,,
dataflow,ESTAT:CRIM_OFF_CAT(1.0),Police-recorded offences by offence category,A,Annual,ICCS0502,Theft,P_HTHAB,Per hundred thousand inhabitants,DE,Germany,2023,,1410.44,,,,,
dataflow,ESTAT:CRIM_OFF_CAT(1.0),Police-recorded offences by offence category,A,Annual,ICCS0502,Theft,P_HTHAB,Per hundred thousand inhabitants,FR,France,2008,,1503.87,,,,,
dataflow,ESTAT:CRIM_OFF_CAT(1.0),Police-recorded offences by offence category,A,Annual,ICCS0502,Theft,P_HTHAB,Per hundred thousand inhabitants,FR,France,2009,,2149.68,,,,,
dataflow,ESTAT:CRIM_OFF_CAT(1.0),Police-recorded offences by offence category,A,Annual,ICCS0502,Theft,P_HTHAB,Per hundred thousand inhabitants,FR,France,2010,,1813.45,,,,,
dataflow,ESTAT:CRIM_OFF_CAT(1.0),Police-recorded offences by offence category,A,Annual,ICCS0502,Theft,P_HTHAB,Per hundred thousand inhabitants,FR,France,2011,,1791.04,,,,,
dataflow,ESTAT:CRIM_OFF_CAT(1.0),Police-recorded offences by offence category,A,Annual,ICCS0502,Theft,P_HTHAB,Per hundred thousand inhabitants,FR,France,2012,,1798.31,,,,,
dataflow,ESTAT:CRIM_OFF_CAT(1.0),Police-recorded offences by offence category,A,Annual,ICCS0502,Theft,P_HTHAB,Per hundred thousand inhabitants,FR,France,2013,,2118.89,,,,,
dataflow,ESTAT:CRIM_OFF_CAT(1.0),Police-recorded offences by offence category,A,Annual,ICCS0502,Theft,P_HTHAB,Per hundred thousand inhabitants,FR,France,2014,,2167.66,,,,,
dataflow,ESTAT:CRIM_OFF_CAT(1.0),Police-recorded offences by offence category,A,Annual,ICCS0502,Theft,P_HTHAB,Per hundred thousand inhabitants,FR,France,2015,,2101.67,,,,,
dataflow,ESTAT:CRIM_OFF_CAT(1.0),Police-recorded offences by offence category,A,Annual,ICCS0502,Theft,P_HTHAB,Per hundred thousand inhabitants,FR,France,2016,,2197.79,,,,,
dataflow,ESTAT:CRIM_OFF_CAT(1.0),Police-recorded offences by offence category,A,Annual,ICCS0502,Theft,P_HTHAB,Per hundred thousand inhabitants,FR,France,2017,,2181.31,,,,,
dataflow,ESTAT:CRIM_OFF_CAT(1.0),Police-recorded offences by offence category,A,Annual,ICCS0502,Theft,P_HTHAB,Per hundred thousand inhabitants,FR,France,2018,,2132.88,,,,,
dataflow,ESTAT:CRIM_OFF_CAT(1.0),Police-recorded offences by offence category,A,Annual,ICCS0502,Theft,P_HTHAB,Per hundred thousand inhabitants,FR,France,2019,,2143.76,,,,,
dataflow,ESTAT:CRIM_OFF_CAT(1.0),Police-recorded offences by offence category,A,Annual,ICCS0502,Theft,P_HTHAB,Per hundred thousand inhabitants,FR,France,2020,,1740.27,,,,,
dataflow,ESTAT:CRIM_OFF_CAT(1.0),Police-recorded offences by offence category,A,Annual,ICCS0502,Theft,P_HTHAB,Per hundred thousand inhabitants,FR,France,2021,,1784.05,,,,,
dataflow,ESTAT:CRIM_OFF_CAT(1.0),Police-recorded offences by offence category,A,Annual,ICCS0502,Theft,P_HTHAB,Per hundred thousand inhabitants,FR,France,2022,,1994.50,,,,,
dataflow,ESTAT:CRIM_OFF_CAT(1.0),Police-recorded offences by offence category,A,Annual,ICCS0502,Theft,P_HTHAB,Per hundred thousand inhabitants,FR,France,2023,,1990.56,,,,,
dataflow,ESTAT:CRIM_OFF_CAT(1.0),Police-recorded offences by offence category,A,Annual,ICCS0502,Theft,P_HTHAB,Per hundred thousand inhabitants,UKC-L,England and Wales,2008,,2916.32,,,,,
dataflow,ESTAT:CRIM_OFF_CAT(1.0),Police-recorded offences by offence category,A,Annual,ICCS0502,Theft,P_HTHAB,Per hundred thousand inhabitants,UKC-L,England and Wales,2009,,2892.44,,,,,
dataflow,ESTAT:CRIM_OFF_CAT(1.0),Police-recorded offences by offence category,A,Annual,ICCS0502,Theft,P_HTHAB,Per hundred thousand inhabitants,UKC-L,England and Wales,2010,,2665.85,,,,,
dataflow,ESTAT:CRIM_OFF_CAT(1.0),Police-recorded offences by offence category,A,Annual,ICCS0502,Theft,P_HTHAB,Per hundred thousand inhabitants,UKC-L,England and Wales,2011,,2649.05,,,,,
dataflow,ESTAT:CRIM_OFF_CAT(1.0),Police-recorded offences by offence category,A,Annual,ICCS0502,Theft,P_HTHAB,Per hundred thousand inhabitants,UKC-L,England and Wales,2012,,2414.98,,,,,
dataflow,ESTAT:CRIM_OFF_CAT(1.0),Police-recorded offences by offence category,A,Annual,ICCS0502,Theft,P_HTHAB,Per hundred thousand inhabitants,UKC-L,England and Wales,2013,,2337.36,,,,,
dataflow,ESTAT:CRIM_OFF_CAT(1.0),Police-recorded offences by offence category,A,Annual,ICCS0502,Theft,P_HTHAB,Per hundred thousand inhabitants,UKC-L,England and Wales,2014,,2342.92,,,,,
dataflow,ESTAT:CRIM_OFF_CAT(1.0),Police-recorded offences by offence category,A,Annual,ICCS0502,Theft,P_HTHAB,Per hundred thousand inhabitants,UKC-L,England and Wales,2015,,2354.96,,,,,
dataflow,ESTAT:CRIM_OFF_CAT(1.0),Police-recorded offences by offence category,A,Annual,ICCS0502,Theft,P_HTHAB,Per hundred thousand inhabitants,UKC-L,England and Wales,2016,,2524.38,,,,,
dataflow,ESTAT:CRIM_OFF_CAT(1.0),Police-recorded offences by offence category,A,Annual,ICCS0502,Theft,P_HTHAB,Per hundred thousand inhabitants,UKC-L,England and Wales,2017,,2686.01,,,,,
dataflow,ESTAT:CRIM_OFF_CAT(1.0),Police-recorded offences by offence category,A,Annual,ICCS0502,Theft,P_HTHAB,Per hundred thousand inhabitants,UKC-L,England and Wales,2018,,2702.02,,,,,
dataflow,ESTAT:CRIM_OFF_CAT(1.0),Police-recorded offences by offence category,A,Annual,ICCS0502,Theft,P_HTHAB,Per hundred thousand inhabitants,UKM,Scotland (NUTS 2021),2008,,2256.72,,,,,
dataflow,ESTAT:CRIM_OFF_CAT(1.0),Police-recorded offences by offence category,A,Annual,ICCS0502,Theft,P_HTHAB,Per hundred thousand inhabitants,UKM,Scotland (NUTS 2021),2009,,2221.44,,,,,
dataflow,ESTAT:CRIM_OFF_CAT(1.0),Police-recorded offences by offence category,A,Annual,ICCS0502,Theft,P_HTHAB,Per hundred thousand inhabitants,UKM,Scotland (NUTS 2021),2010,,2056.47,,,,,
dataflow,ESTAT:CRIM_OFF_CAT(1.0),Police-recorded offences by offence category,A,Annual,ICCS0502,Theft,P_HTHAB,Per hundred thousand inhabitants,UKM,Scotland (NUTS 2021),2011,,2063.33,,,,,
dataflow,ESTAT:CRIM_OFF_CAT(1.0),Police-recorded offences by offence category,A,Annual,ICCS0502,Theft,P_HTHAB,Per hundred thousand inhabitants,UKM,Scotland (NUTS 2021),2012,,1781.88,,,,,
dataflow,ESTAT:CRIM_OFF_CAT(1.0),Police-recorded offences by offence category,A,Annual,ICCS0502,Theft,P_HTHAB,Per hundred thousand inhabitants,UKM,Scotland (NUTS 2021),2013,,1914.81,,,,,
dataflow,ESTAT:CRIM_OFF_CAT(1.0),Police-recorded offences by offence category,A,Annual,ICCS0502,Theft,P_HTHAB,Per hundred thousand inhabitants,UKM,Scotland (NUTS 2021),2014,,1780.27,,,,,
dataflow,ESTAT:CRIM_OFF_CAT(1.0),Police-recorded offences by offence category,A,Annual,ICCS0502,Theft,P_HTHAB,Per hundred thousand inhabitants,UKM,Scotland (NUTS 2021),2015,,1619.49,,,,,
dataflow,ESTAT:CRIM_OFF_CAT(1.0),Police-recorded offences by offence category,A,Annual,ICCS0502,Theft,P_HTHAB,Per hundred thousand inhabitants,UKM,Scotland (NUTS 2021),2016,,1578.45,,,,,
dataflow,ESTAT:CRIM_OFF_CAT(1.0),Police-recorded offences by offence category,A,Annual,ICCS0502,Theft,P_HTHAB,Per hundred thousand inhabitants,UKM,Scotland (NUTS 2021),2017,,1598.29,,,,,
dataflow,ESTAT:CRIM_OFF_CAT(1.0),Police-recorded offences by offence category,A,Annual,ICCS0502,Theft,P_HTHAB,Per hundred thousand inhabitants,UKM,Scotland (NUTS 2021),2018,,1592.24,,,,,
dataflow,ESTAT:CRIM_OFF_CAT(1.0),Police-recorded offences by offence category,A,Annual,ICCS0502,Theft,P_HTHAB,Per hundred thousand inhabitants,UKN,Northern Ireland (UK) (NUTS 2021),2008,,1377.12,,,,,
dataflow,ESTAT:CRIM_OFF_CAT(1.0),Police-recorded offences by offence category,A,Annual,ICCS0502,Theft,P_HTHAB,Per hundred thousand inhabitants,UKN,Northern Ireland (UK) (NUTS 2021),2009,,1601.62,,,,,
dataflow,ESTAT:CRIM_OFF_CAT(1.0),Police-recorded offences by offence category,A,Annual,ICCS0502,Theft,P_HTHAB,Per hundred thousand inhabitants,UKN,Northern Ireland (UK) (NUTS 2021),2010,,1310.66,,,,,
dataflow,ESTAT:CRIM_OFF_CAT(1.0),Police-recorded offences by offence category,A,Annual,ICCS0502,Theft,P_HTHAB,Per hundred thousand inhabitants,UKN,Northern Ireland (UK) (NUTS 2021),2011,,1352.83,,,,,
dataflow,ESTAT:CRIM_OFF_CAT(1.0),Police-recorded offences by offence category,A,Annual,ICCS0502,Theft,P_HTHAB,Per hundred thousand inhabitants,UKN,Northern Ireland (UK) (NUTS 2021),2012,,1309.78,,,,,
dataflow,ESTAT:CRIM_OFF_CAT(1.0),Police-recorded offences by offence category,A,Annual,ICCS0502,Theft,P_HTHAB,Per hundred thousand inhabitants,UKN,Northern Ireland (UK) (NUTS 2021),2013,,1493.93,,,,,
dataflow,ESTAT:CRIM_OFF_CAT(1.0),Police-recorded offences by offence category,A,Annual,ICCS0502,Theft,P_HTHAB,Per hundred thousand inhabitants,UKN,Northern Ireland (UK) (NUTS 2021),2014,,1460.35,,,,,
dataflow,ESTAT:CRIM_OFF_CAT(1.0),Police-recorded offences by offence category,A,Annual,ICCS0502,Theft,P_HTHAB,Per hundred thousand inhabitants,UKN,Northern Ireland (UK) (NUTS 2021),2015,,1392.41,,,,,
dataflow,ESTAT:CRIM_OFF_CAT(1.0),Police-recorded offences by offence category,A,Annual,ICCS0502,Theft,P_HTHAB,Per hundred thousand inhabitants,UKN,Northern Ireland (UK) (NUTS 2021),2016,,1294.58,,,,,
dataflow,ESTAT:CRIM_OFF_CAT(1.0),Police-recorded offences by offence category,A,Annual,ICCS0502,Theft,P_HTHAB,Per hundred thousand inhabitants,UKN,Northern Ireland (UK) (NUTS 2021),2017,,1253.97,,,,,
dataflow,ESTAT:CRIM_OFF_CAT(1.0),Police-recorded offences by offence category,A,Annual,ICCS0502,Theft,P_HTHAB,Per hundred thousand inhabitants,UKN,Northern Ireland (UK) (NUTS 2021),2018,,1288.84,,,,,
