STRUCTURE,STRUCTURE_ID,STRUCTURE_NAME,freq,Time frequency,unit,Unit of measure,sex,Sex,age,Age class,geo,Geopolitical entity (reporting),TIME_PERIOD,Time,OBS_VALUE,Observation value,OBS_FLAG,Observation status (Flag) V2 structure,CONF_STATUS,Confidentiality status (flag)
dataflow,ESTAT:DEMO_PJANGROUP(1.0),Population on 1 January by age group and sex,A,Annual,NR,Number,F,Females,Y15-19,From 15 to 19 years,DE,Germany,2004,,2308768,,,,,
dataflow,ESTAT:DEMO_PJANGROUP(1.0),Population on 1 January by age group and sex,A,Annual,NR,Number,F,Females,Y15-19,From 15 to 19 years,DE,Germany,2005,,2332522.0,,,,,
dataflow,ESTAT:DEMO_PJANGROUP(1.0),Population on 1 January by age group and sex,A,Annual,NR,Number,F,Females,Y15-19,From 15 to 19 years,DE,Germany,2006,,2355984.0,,,,,
dataflow,ESTAT:DEMO_PJANGROUP(1.0),Population on 1 January by age group and sex,A,Annual,NR,Number,F,Females,Y15-19,From 15 to 19 years,DE,Germany,2007,,2320508.0,,,,,
dataflow,ESTAT:DEMO_PJANGROUP(1.0),Population on 1 January by age group and sex,A,Annual,NR,Number,F,Females,Y15-19,From 15 to 19 years,DE,Germany,2008,,2263821.0,,,,,
dataflow,ESTAT:DEMO_PJANGROUP(1.0),Population on 1 January by age group and sex,A,Annual,NR,Number,F,Females,Y15-19,From 15 to 19 years,DE,Germany,2009,,2183869.0,,,,,
dataflow,ESTAT:DEMO_PJANGROUP(1.0),Population on 1 January by age group and sex,A,Annual,NR,Number,F,Females,Y15-19,From 15 to 19 years,DE,Germany,2010,,2103040.0,,,,,
dataflow,ESTAT:DEMO_PJANGROUP(1.0),Population on 1 January by age group and sex,A,Annual,NR,Number,F,Females,Y15-19,From 15 to 19 years,DE,Germany,2011,,1984966,,b,break in time series,,
dataflow,ESTAT:DEMO_PJANGROUP(1.0),Population on 1 January by age group and sex,A,Annual,NR,Number,F,Females,Y15-19,From 15 to 19 years,DE,Germany,2012,,1962863,,,,,
dataflow,ESTAT:DEMO_PJANGROUP(1.0),Population on 1 January by age group and sex,A,Annual,NR,Number,F,Females,Y15-19,From 15 to 19 years,DE,Germany,2013,,1965895,,,,,
dataflow,ESTAT:DEMO_PJANGROUP(1.0),Population on 1 January by age group and sex,A,Annual,NR,Number,F,Females,Y15-19,From 15 to 19 years,DE,Germany,2014,,1964687,,,,,
dataflow,ESTAT:DEMO_PJANGROUP(1.0),Population on 1 January by age group and sex,A,Annual,NR,Number,F,Females,Y15-19,From 15 to 19 years,DE,Germany,2015,,1972135,,,,,
dataflow,ESTAT:DEMO_PJANGROUP(1.0),Population on 1 January by age group and sex,A,Annual,NR,Number,F,Females,Y15-19,From 15 to 19 years,DE,Germany,2016,,2000494,,,,,
dataflow,ESTAT:DEMO_PJANGROUP(1.0),Population on 1 January by age group and sex,A,Annual,NR,Number,F,Females,Y15-19,From 15 to 19 years,DE,Germany,2017,,1985471,,,,,
dataflow,ESTAT:DEMO_PJANGROUP(1.0),Population on 1 January by age group and sex,A,Annual,NR,Number,F,Females,Y15-19,From 15 to 19 years,DE,Germany,2018,,1949255,,,,,
dataflow,ESTAT:DEMO_PJANGROUP(1.0),Population on 1 January by age group and sex,A,Annual,NR,Number,F,Females,Y15-19,From 15 to 19 years,DE,Germany,2019,,1920778,,,,,
dataflow,ESTAT:DEMO_PJANGROUP(1.0),Population on 1 January by age group and sex,A,Annual,NR,Number,F,Females,Y15-19,From 15 to 19 years,DE,Germany,2020,,1900397,,,,,
dataflow,ESTAT:DEMO_PJANGROUP(1.0),Population on 1 January by age group and sex,A,Annual,NR,Number,F,Females,Y15-19,From 15 to 19 years,DE,Germany,2021,,1865287,,,,,
dataflow,ESTAT:DEMO_PJANGROUP(1.0),Population on 1 January by age group and sex,A,Annual,NR,Number,F,Females,Y15-19,From 15 to 19 years,DE,Germany,2022,,1851582,,,,,
dataflow,ESTAT:DEMO_PJANGROUP(1.0),Population on 1 January by age group and sex,A,Annual,NR,Number,F,Females,Y15-19,From 15 to 19 years,DE,Germany,2023,,1871471,,b,break in time series,,
dataflow,ESTAT:DEMO_PJANGROUP(1.0),Population on 1 January by age group and sex,A,Annual,NR,Number,F,Females,Y15-19,From 15 to 19 years,DE,Germany,2024,,1894217,,,,,
dataflow,ESTAT:DEMO_PJANGROUP(1.0),Population on 1 January by age group and sex,A,Annual,NR,Number,F,Females,Y15-19,From 15 to 19 years,DE_TOT,Germany including former GDR,2004,,2308768,,,,,
dataflow,ESTAT:DEMO_PJANGROUP(1.0),Population on 1 January by age group and sex,A,Annual,NR,Number,F,Females,Y15-19,From 15 to 19 years,DE_TOT,Germany including former GDR,2005,,2332522.0,,,,,
dataflow,ESTAT:DEMO_PJANGROUP(1.0),Population on 1 January by age group and sex,A,Annual,NR,Number,F,Females,Y15-19,From 15 to 19 years,DE_TOT,Germany including former GDR,2006,,2355984.0,,,,,
dataflow,ESTAT:DEMO_PJANGROUP(1.0),Population on 1 January by age group and sex,A,Annual,NR,Number,F,Females,Y15-19,From 15 to 19 years,DE_TOT,Germany including former GDR,2007,,2320508.0,,,,,
dataflow,ESTAT:DEMO_PJANGROUP(1.0),Population on 1 January by age group and sex,A,Annual,NR,Number,F,Females,Y15-19,From 15 to 19 years,DE_TOT,Germany including former GDR,2008,,2263821.0,,,,,
dataflow,ESTAT:DEMO_PJANGROUP(1.0),Population on 1 January by age group and sex,A,Annual,NR,Number,F,Females,Y15-19,From 15 to 19 years,DE_TOT,Germany including former GDR,2009,,2183869.0,,,,,
dataflow,ESTAT:DEMO_PJANGROUP(1.0),Population on 1 January by age group and sex,A,Annual,NR,Number,F,Females,Y15-19,From 15 to 19 years,DE_TOT,Germany including former GDR,2010,,2103040.0,,,,,
dataflow,ESTAT:DEMO_PJANGROUP(1.0),Population on 1 January by age group and sex,A,Annual,NR,Number,F,Females,Y15-19,From 15 to 19 years,DE_TOT,Germany including former GDR,2011,,1984966,,b,break in time series,,
dataflow,ESTAT:DEMO_PJANGROUP(1.0),Population on 1 January by age group and sex,A,Annual,NR,Number,F,Females,Y15-19,From 15 to 19 years,DE_TOT,Germany including former GDR,2012,,1962863,,,,,
dataflow,ESTAT:DEMO_PJANGROUP(1.0),Population on 1 January by age group and sex,A,Annual,NR,Number,F,Females,Y15-19,From 15 to 19 years,DE_TOT,Germany including former GDR,2013,,1965895,,,,,
dataflow,ESTAT:DEMO_PJANGROUP(1.0),Population on 1 January by age group and sex,A,Annual,NR,Number,F,Females,Y15-19,From 15 to 19 years,DE_TOT,Germany including former GDR,2014,,1964687,,,,,
dataflow,ESTAT:DEMO_PJANGROUP(1.0),Population on 1 January by age group and sex,A,Annual,NR,Number,F,Females,Y15-19,From 15 to 19 years,DE_TOT,Germany including former GDR,2015,,1972135,,,,,
dataflow,ESTAT:DEMO_PJANGROUP(1.0),Population on 1 January by age group and sex,A,Annual,NR,Number,F,Females,Y15-19,From 15 to 19 years,DE_TOT,Germany including former GDR,2016,,2000494,,,,,
dataflow,ESTAT:DEMO_PJANGROUP(1.0),Population on 1 January by age group and sex,A,Annual,NR,Number,F,Females,Y15-19,From 15 to 19 years,DE_TOT,Germany including former GDR,2017,,1985471,,,,,
dataflow,ESTAT:DEMO_PJANGROUP(1.0),Population on 1 January by age group and sex,A,Annual,NR,Number,F,Females,Y15-19,From 15 to 19 years,DE_TOT,Germany including former GDR,2018,,1949255,,,,,
dataflow,ESTAT:DEMO_PJANGROUP(1.0),Population on 1 January by age group and sex,A,Annual,NR,Number,F,Females,Y15-19,From 15 to 19 years,DE_TOT,Germany including former GDR,2019,,1920778,,,,,
dataflow,ESTAT:DEMO_PJANGROUP(1.0),Population on 1 January by age group and sex,A,Annual,NR,Number,F,Females,Y15-19,From 15 to 19 years,DE_TOT,Germany including former GDR,2020,,1900397,,,,,
dataflow,ESTAT:DEMO_PJANGROUP(1.0),Population on 1 January by age group and sex,A,Annual,NR,Number,F,Females,Y15-19,From 15 to 19 years,DE_TOT,Germany including former GDR,2021,,1865287,,,,,
dataflow,ESTAT:DEMO_PJANGROUP(1.0),Population on 1 January by age group and sex,A,Annual,NR,Number,F,Females,Y15-19,From 15 to 19 years,DE_TOT,Germany including former GDR,2022,,1851582,,,,,
dataflow,ESTAT:DEMO_PJANGROUP(1.0),Population on 1 January by age group and sex,A,Annual,NR,Number,F,Females,Y15-19,From 15 to 19 years,DE_TOT,Germany including former GDR,2023,,1871471,,b,break in time series,,
dataflow,ESTAT:DEMO_PJANGROUP(1.0),Population on 1 January by age group and sex,A,Annual,NR,Number,F,Females,Y15-19,From 15 to 19 years,DE_TOT,Germany including former GDR,2024,,1894217,,,,,
dataflow,ESTAT:DEMO_PJANGROUP(1.0),Population on 1 January by age group and sex,A,Annual,NR,Number,F,Females,Y15-19,From 15 to 19 years,FR,France,2004,,2016779,,,,,
dataflow,ESTAT:DEMO_PJANGROUP(1.0),Population on 1 January by age group and sex,A,Annual,NR,Number,F,Females,Y15-19,From 15 to 19 years,FR,France,2005,,2039165.0,,,,,
dataflow,ESTAT:DEMO_PJANGROUP(1.0),Population on 1 January by age group and sex,A,Annual,NR,Number,F,Females,Y15-19,From 15 to 19 years,FR,France,2006,,2045626.0,,,,,
dataflow,ESTAT:DEMO_PJANGROUP(1.0),Population on 1 January by age group and sex,A,Annual,NR,Number,F,Females,Y15-19,From 15 to 19 years,FR,France,2007,,2028847.0,,,,,
dataflow,ESTAT:DEMO_PJANGROUP(1.0),Population on 1 January by age group and sex,A,Annual,NR,Number,F,Females,Y15-19,From 15 to 19 years,FR,France,2008,,2016912.0,,,,,
dataflow,ESTAT:DEMO_PJANGROUP(1.0),Population on 1 January by age group and sex,A,Annual,NR,Number,F,Females,Y15-19,From 15 to 19 years,FR,France,2009,,1987071.0,,,,,
dataflow,ESTAT:DEMO_PJANGROUP(1.0),Population on 1 January by age group and sex,A,Annual,NR,Number,F,Females,Y15-19,From 15 to 19 years,FR,France,2010,,1961887.0,,,,,
dataflow,ESTAT:DEMO_PJANGROUP(1.0),Population on 1 January by age group and sex,A,Annual,NR,Number,F,Females,Y15-19,From 15 to 19 years,FR,France,2011,,1944058,,,,,
dataflow,ESTAT:DEMO_PJANGROUP(1.0),Population on 1 January by age group and sex,A,Annual,NR,Number,F,Females,Y15-19,From 15 to 19 years,FR,France,2012,,1917063,,,,,
dataflow,ESTAT:DEMO_PJANGROUP(1.0),Population on 1 January by age group and sex,A,Annual,NR,Number,F,Females,Y15-19,From 15 to 19 years,FR,France,2013,,1910113,,,,,
dataflow,ESTAT:DEMO_PJANGROUP(1.0),Population on 1 January by age group and sex,A,Annual,NR,Number,F,Females,Y15-19,From 15 to 19 years,FR,France,2014,,1942125,,b,break in time series,,
dataflow,ESTAT:DEMO_PJANGROUP(1.0),Population on 1 January by age group and sex,A,Annual,NR,Number,F,Females,Y15-19,From 15 to 19 years,FR,France,2015,,1962182,,,,,
dataflow,ESTAT:DEMO_PJANGROUP(1.0),Population on 1 January by age group and sex,A,Annual,NR,Number,F,Females,Y15-19,From 15 to 19 years,FR,France,2016,,1988916,,,,,
dataflow,ESTAT:DEMO_PJANGROUP(1.0),Population on 1 January by age group and sex,A,Annual,NR,Number,F,Females,Y15-19,From 15 to 19 years,FR,France,2017,,1997008,,,,,
dataflow,ESTAT:DEMO_PJANGROUP(1.0),Population on 1 January by age group and sex,A,Annual,NR,Number,F,Females,Y15-19,From 15 to 19 years,FR,France,2018,,2014596,,p,provisional,,
dataflow,ESTAT:DEMO_PJANGROUP(1.0),Population on 1 January by age group and sex,A,Annual,NR,Number,F,Females,Y15-19,From 15 to 19 years,FR,France,2019,,2032847,,,,,
dataflow,ESTAT:DEMO_PJANGROUP(1.0),Population on 1 January by age group and sex,A,Annual,NR,Number,F,Females,Y15-19,From 15 to 19 years,FR,France,2020,,2031773,,,,,
dataflow,ESTAT:DEMO_PJANGROUP(1.0),Population on 1 January by age group and sex,A,Annual,NR,Number,F,Females,Y15-19,From 15 to 19 years,FR,France,2021,,2019658,,,,,
dataflow,ESTAT:DEMO_PJANGROUP(1.0),Population on 1 January by age group and sex,A,Annual,NR,Number,F,Females,Y15-19,From 15 to 19 years,FR,France,2022,,2027196,,,,,
dataflow,ESTAT:DEMO_PJANGROUP(1.0),Population on 1 January by age group and sex,A,Annual,NR,Number,F,Females,Y15-19,From 15 to 19 years,FR,France,2023,,2039601,,p,provisional,,
dataflow,ESTAT:DEMO_PJANGROUP(1.0),Population on 1 January by age group and sex,A,Annual,NR,Number,F,Females,Y15-19,From 15 to 19 years,FR,France,2024,,2058940,,p,provisional,,
dataflow,ESTAT:DEMO_PJANGROUP(1.0),Population on 1 January by age group and sex,A,Annual,NR,Number,F,Females,Y15-19,From 15 to 19 years,UK,United Kingdom,2004,,1884315,,,,,
dataflow,ESTAT:DEMO_PJANGROUP(1.0),Population on 1 January by age group and sex,A,Annual,NR,Number,F,Females,Y15-19,From 15 to 19 years,UK,United Kingdom,2005,,1911386.0,,,,,
dataflow,ESTAT:DEMO_PJANGROUP(1.0),Population on 1 January by age group and sex,A,Annual,NR,Number,F,Females,Y15-19,From 15 to 19 years,UK,United Kingdom,2006,,1929856.0,,,,,
dataflow,ESTAT:DEMO_PJANGROUP(1.0),Population on 1 January by age group and sex,A,Annual,NR,Number,F,Females,Y15-19,From 15 to 19 years,UK,United Kingdom,2007,,1947548.0,,,,,
dataflow,ESTAT:DEMO_PJANGROUP(1.0),Population on 1 January by age group and sex,A,Annual,NR,Number,F,Females,Y15-19,From 15 to 19 years,UK,United Kingdom,2008,,1959771.0,,,,,
dataflow,ESTAT:DEMO_PJANGROUP(1.0),Population on 1 January by age group and sex,A,Annual,NR,Number,F,Females,Y15-19,From 15 to 19 years,UK,United Kingdom,2009,,1965817.0,,,,,
dataflow,ESTAT:DEMO_PJANGROUP(1.0),Population on 1 January by age group and sex,A,Annual,NR,Number,F,Females,Y15-19,From 15 to 19 years,UK,United Kingdom,2010,,1963973.0,,,,,
dataflow,ESTAT:DEMO_PJANGROUP(1.0),Population on 1 January by age group and sex,A,Annual,NR,Number,F,Females,Y15-19,From 15 to 19 years,UK,United Kingdom,2011,,1949581,,,,,
dataflow,ESTAT:DEMO_PJANGROUP(1.0),Population on 1 January by age group and sex,A,Annual,NR,Number,F,Females,Y15-19,From 15 to 19 years,UK,United Kingdom,2012,,1927128,,,,,
dataflow,ESTAT:DEMO_PJANGROUP(1.0),Population on 1 January by age group and sex,A,Annual,NR,Number,F,Females,Y15-19,From 15 to 19 years,UK,United Kingdom,2013,,1901359,,,,,
dataflow,ESTAT:DEMO_PJANGROUP(1.0),Population on 1 January by age group and sex,A,Annual,NR,Number,F,Females,Y15-19,From 15 to 19 years,UK,United Kingdom,2014,,1881457,,,,,
dataflow,ESTAT:DEMO_PJANGROUP(1.0),Population on 1 January by age group and sex,A,Annual,NR,Number,F,Females,Y15-19,From 15 to 19 years,UK,United Kingdom,2015,,1866310,,,,,
dataflow,ESTAT:DEMO_PJANGROUP(1.0),Population on 1 January by age group and sex,A,Annual,NR,Number,F,Females,Y15-19,From 15 to 19 years,UK,United Kingdom,2016,,1849486,,,,,
dataflow,ESTAT:DEMO_PJANGROUP(1.0),Population on 1 January by age group and sex,A,Annual,NR,Number,F,Females,Y15-19,From 15 to 19 years,UK,United Kingdom,2017,,1820983,,,,,
dataflow,ESTAT:DEMO_PJANGROUP(1.0),Population on 1 January by age group and sex,A,Annual,NR,Number,F,Females,Y15-19,From 15 to 19 years,UK,United Kingdom,2018,,1790119,,,,,
dataflow,ESTAT:DEMO_PJANGROUP(1.0),Population on 1 January by age group and sex,A,Annual,NR,Number,F,Females,Y15-19,From 15 to 19 years,UK,United Kingdom,2019,,1781153,,,,,
dataflow,ESTAT:DEMO_PJANGROUP(1.0),Population on 1 January by age group and sex,A,Annual,NR,Number,F,Females,Y20-24,From 20 to 24 years,DE,Germany,2004,,2403261,,,,,
dataflow,ESTAT:DEMO_PJANGROUP(1.0),Population on 1 January by age group and sex,A,Annual,NR,Number,F,Females,Y20-24,From 20 to 24 years,DE,Germany,2005,,2409481.0,,,,,
dataflow,ESTAT:DEMO_PJANGROUP(1.0),Population on 1 January by age group and sex,A,Annual,NR,Number,F,Females,Y20-24,From 20 to 24 years,DE,Germany,2006,,2392336.0,,,,,
dataflow,ESTAT:DEMO_PJANGROUP(1.0),Population on 1 January by age group and sex,A,Annual,NR,Number,F,Females,Y20-24,From 20 to 24 years,DE,Germany,2007,,2386853.0,,,,,
dataflow,ESTAT:DEMO_PJANGROUP(1.0),Population on 1 January by age group and sex,A,Annual,NR,Number,F,Females,Y20-24,From 20 to 24 years,DE,Germany,2008,,2386946.0,,,,,
dataflow,ESTAT:DEMO_PJANGROUP(1.0),Population on 1 January by age group and sex,A,Annual,NR,Number,F,Females,Y20-24,From 20 to 24 years,DE,Germany,2009,,2403638.0,,,,,
dataflow,ESTAT:DEMO_PJANGROUP(1.0),Population on 1 January by age group and sex,A,Annual,NR,Number,F,Females,Y20-24,From 20 to 24 years,DE,Germany,2010,,2417804.0,,,,,
dataflow,ESTAT:DEMO_PJANGROUP(1.0),Population on 1 January by age group and sex,A,Annual,NR,Number,F,Females,Y20-24,From 20 to 24 years,DE,Germany,2011,,2382064,,b,break in time series,,
dataflow,ESTAT:DEMO_PJANGROUP(1.0),Population on 1 January by age group and sex,A,Annual,NR,Number,F,Females,Y20-24,From 20 to 24 years,DE,Germany,2012,,2360933,,,,,
dataflow,ESTAT:DEMO_PJANGROUP(1.0),Population on 1 January by age group and sex,A,Annual,NR,Number,F,Females,Y20-24,From 20 to 24 years,DE,Germany,2013,,2326120,,,,,
dataflow,ESTAT:DEMO_PJANGROUP(1.0),Population on 1 January by age group and sex,A,Annual,NR,Number,F,Females,Y20-24,From 20 to 24 years,DE,Germany,2014,,2276507,,,,,
dataflow,ESTAT:DEMO_PJANGROUP(1.0),Population on 1 January by age group and sex,A,Annual,NR,Number,F,Females,Y20-24,From 20 to 24 years,DE,Germany,2015,,2228424,,,,,
dataflow,ESTAT:DEMO_PJANGROUP(1.0),Population on 1 January by age group and sex,A,Annual,NR,Number,F,Females,Y20-24,From 20 to 24 years,DE,Germany,2016,,2189310,,,,,
dataflow,ESTAT:DEMO_PJANGROUP(1.0),Population on 1 January by age group and sex,A,Annual,NR,Number,F,Females,Y20-24,From 20 to 24 years,DE,Germany,2017,,2178101,,,,,
dataflow,ESTAT:DEMO_PJANGROUP(1.0),Population on 1 January by age group and sex,A,Annual,NR,Number,F,Females,Y20-24,From 20 to 24 years,DE,Germany,2018,,2189438,,,,,
dataflow,ESTAT:DEMO_PJANGROUP(1.0),Population on 1 January by age group and sex,A,Annual,NR,Number,F,Females,Y20-24,From 20 to 24 years,DE,Germany,2019,,2192260,,,,,
dataflow,ESTAT:DEMO_PJANGROUP(1.0),Population on 1 January by age group and sex,A,Annual,NR,Number,F,Females,Y20-24,From 20 to 24 years,DE,Germany,2020,,2191934,,,,,
dataflow,ESTAT:DEMO_PJANGROUP(1.0),Population on 1 January by age group and sex,A,Annual,NR,Number,F,Females,Y20-24,From 20 to 24 years,DE,Germany,2021,,2176270,,,,,
dataflow,ESTAT:DEMO_PJANGROUP(1.0),Population on 1 January by age group and sex,A,Annual,NR,Number,F,Females,Y20-24,From 20 to 24 years,DE,Germany,2022,,2158289,,,,,
dataflow,ESTAT:DEMO_PJANGROUP(1.0),Population on 1 January by age group and sex,A,Annual,NR,Number,F,Females,Y20-24,From 20 to 24 years,DE,Germany,2023,,2114780,,b,break in time series,,
dataflow,ESTAT:DEMO_PJANGROUP(1.0),Population on 1 January by age group and sex,A,Annual,NR,Number,F,Females,Y20-24,From 20 to 24 years,DE,Germany,2024,,2103047,,,,,
dataflow,ESTAT:DEMO_PJANGROUP(1.0),Population on 1 January by age group and sex,A,Annual,NR,Number,F,Females,Y20-24,From 20 to 24 years,DE_TOT,Germany including former GDR,2004,,2403261,,,,,
dataflow,ESTAT:DEMO_PJANGROUP(1.0),Population on 1 January by age group and sex,A,Annual,NR,Number,F,Females,Y20-24,From 20 to 24 years,DE_TOT,Germany including former GDR,2005,,2409481.0,,,,,
dataflow,ESTAT:DEMO_PJANGROUP(1.0),Population on 1 January by age group and sex,A,Annual,NR,Number,F,Females,Y20-24,From 20 to 24 years,DE_TOT,Germany including former GDR,2006,,2392336.0,,,,,
dataflow,ESTAT:DEMO_PJANGROUP(1.0),Population on 1 January by age group and sex,A,Annual,NR,Number,F,Females,Y20-24,From 20 to 24 years,DE_TOT,Germany including former GDR,2007,,2386853.0,,,,,
dataflow,ESTAT:DEMO_PJANGROUP(1.0),Population on 1 January by age group and sex,A,Annual,NR,Number,F,Females,Y20-24,From 20 to 24 years,DE_TOT,Germany including former GDR,2008,,2386946.0,,,,,
dataflow,ESTAT:DEMO_PJANGROUP(1.0),Population on 1 January by age group and sex,A,Annual,NR,Number,F,Females,Y20-24,From 20 to 24 years,DE_TOT,Germany including former GDR,2009,,2403638.0,,,,,
dataflow,ESTAT:DEMO_PJANGROUP(1.0),Population on 1 January by age group and sex,A,Annual,NR,Number,F,Females,Y20-24,From 20 to 24 years,DE_TOT,Germany including former GDR,2010,,2417804.0,,,,,
dataflow,ESTAT:DEMO_PJANGROUP(1.0),Population on 1 January by age group and sex,A,Annual,NR,Number,F,Females,Y20-24,From 20 to 24 years,DE_TOT,Germany including former GDR,2011,,2382064,,b,break in time series,,
dataflow,ESTAT:DEMO_PJANGROUP(1.0),Population on 1 January by age group and sex,A,Annual,NR,Number,F,Females,Y20-24,From 20 to 24 years,DE_TOT,Germany including former GDR,2012,,2360933,,,,,
dataflow,ESTAT:DEMO_PJANGROUP(1.0),Population on 1 January by age group and sex,A,Annual,NR,Number,F,Females,Y20-24,From 20 to 24 years,DE_TOT,Germany including former GDR,2013,,2326120,,,,,
dataflow,ESTAT:DEMO_PJANGROUP(1.0),Population on 1 January by age group and sex,A,Annual,NR,Number,F,Females,Y20-24,From 20 to 24 years,DE_TOT,Germany including former GDR,2014,,2276507,,,,,
dataflow,ESTAT:DEMO_PJANGROUP(1.0),Population on 1 January by age group and sex,A,Annual,NR,Number,F,Females,Y20-24,From 20 to 24 years,DE_TOT,Germany including former GDR,2015,,2228424,,,,,
dataflow,ESTAT:DEMO_PJANGROUP(1.0),Population on 1 January by age group and sex,A,Annual,NR,Number,F,Females,Y20-24,From 20 to 24 years,DE_TOT,Germany including former GDR,2016,,2189310,,,,,
dataflow,ESTAT:DEMO_PJANGROUP(1.0),Population on 1 January by age group and sex,A,Annual,NR,Number,F,Females,Y20-24,From 20 to 24 years,DE_TOT,Germany including former GDR,2017,,2178101,,,,,
dataflow,ESTAT:DEMO_PJANGROUP(1.0),Population on 1 January by age group and sex,A,Annual,NR,Number,F,Females,Y20-24,From 20 to 24 years,DE_TOT,Germany including former GDR,2018,,2189438,,,,,
dataflow,ESTAT:DEMO_PJANGROUP(1.0),Population on 1 January by age group and sex,A,Annual,NR,Number,F,Females,Y20-24,From 20 to 24 years,DE_TOT,Germany including former GDR,2019,,2192260,,,,,
dataflow,ESTAT:DEMO_PJANGROUP(1.0),Population on 1 January by age group and sex,A,Annual,NR,Number,F,Females,Y20-24,From 20 to 24 years,DE_TOT,Germany including former GDR,2020,,2191934,,,,,
dataflow,ESTAT:DEMO_PJANGROUP(1.0),Population on 1 January by age group and sex,A,Annual,NR,Number,F,Females,Y20-24,From 20 to 24 years,DE_TOT,Germany including former GDR,2021,,2176270,,,,,
dataflow,ESTAT:DEMO_PJANGROUP(1.0),Population on 1 January by age group and sex,A,Annual,NR,Number,F,Females,Y20-24,From 20 to 24 years,DE_TOT,Germany including former GDR,2022,,2158289,,,,,
dataflow,ESTAT:DEMO_PJANGROUP(1.0),Population on 1 January by age group and sex,A,Annual,NR,Number,F,Females,Y20-24,From 20 to 24 years,DE_TOT,Germany including former GDR,2023,,2114780,,b,break in time series,,
dataflow,ESTAT:DEMO_PJANGROUP(1.0),Population on 1 January by age group and sex,A,Annual,NR,Number,F,Females,Y20-24,From 20 to 24 years,DE_TOT,Germany including former GDR,2024,,2103047,,,,,
dataflow,ESTAT:DEMO_PJANGROUP(1.0),Population on 1 January by age group and sex,A,Annual,NR,Number,F,Females,Y20-24,From 20 to 24 years,FR,France,2004,,2010860,,,,,
dataflow,ESTAT:DEMO_PJANGROUP(1.0),Population on 1 January by age group and sex,A,Annual,NR,Number,F,Females,Y20-24,From 20 to 24 years,FR,France,2005,,2021466.0,,,,,
dataflow,ESTAT:DEMO_PJANGROUP(1.0),Population on 1 January by age group and sex,A,Annual,NR,Number,F,Females,Y20-24,From 20 to 24 years,FR,France,2006,,2017830.0,,,,,
dataflow,ESTAT:DEMO_PJANGROUP(1.0),Population on 1 January by age group and sex,A,Annual,NR,Number,F,Females,Y20-24,From 20 to 24 years,FR,France,2007,,2009919.0,,,,,
dataflow,ESTAT:DEMO_PJANGROUP(1.0),Population on 1 January by age group and sex,A,Annual,NR,Number,F,Females,Y20-24,From 20 to 24 years,FR,France,2008,,1995836.0,,,,,
dataflow,ESTAT:DEMO_PJANGROUP(1.0),Population on 1 January by age group and sex,A,Annual,NR,Number,F,Females,Y20-24,From 20 to 24 years,FR,France,2009,,2007411.0,,,,,
dataflow,ESTAT:DEMO_PJANGROUP(1.0),Population on 1 January by age group and sex,A,Annual,NR,Number,F,Females,Y20-24,From 20 to 24 years,FR,France,2010,,2006486.0,,,,,
dataflow,ESTAT:DEMO_PJANGROUP(1.0),Population on 1 January by age group and sex,A,Annual,NR,Number,F,Females,Y20-24,From 20 to 24 years,FR,France,2011,,1995566,,,,,
dataflow,ESTAT:DEMO_PJANGROUP(1.0),Population on 1 January by age group and sex,A,Annual,NR,Number,F,Females,Y20-24,From 20 to 24 years,FR,France,2012,,1979738,,,,,
dataflow,ESTAT:DEMO_PJANGROUP(1.0),Population on 1 January by age group and sex,A,Annual,NR,Number,F,Females,Y20-24,From 20 to 24 years,FR,France,2013,,1961692,,,,,
dataflow,ESTAT:DEMO_PJANGROUP(1.0),Population on 1 January by age group and sex,A,Annual,NR,Number,F,Females,Y20-24,From 20 to 24 years,FR,France,2014,,1932184,,b,break in time series,,
dataflow,ESTAT:DEMO_PJANGROUP(1.0),Population on 1 January by age group and sex,A,Annual,NR,Number,F,Females,Y20-24,From 20 to 24 years,FR,France,2015,,1899097,,,,,
dataflow,ESTAT:DEMO_PJANGROUP(1.0),Population on 1 January by age group and sex,A,Annual,NR,Number,F,Females,Y20-24,From 20 to 24 years,FR,France,2016,,1872340,,,,,
dataflow,ESTAT:DEMO_PJANGROUP(1.0),Population on 1 January by age group and sex,A,Annual,NR,Number,F,Females,Y20-24,From 20 to 24 years,FR,France,2017,,1857412,,,,,
dataflow,ESTAT:DEMO_PJANGROUP(1.0),Population on 1 January by age group and sex,A,Annual,NR,Number,F,Females,Y20-24,From 20 to 24 years,FR,France,2018,,1843790,,p,provisional,,
dataflow,ESTAT:DEMO_PJANGROUP(1.0),Population on 1 January by age group and sex,A,Annual,NR,Number,F,Females,Y20-24,From 20 to 24 years,FR,France,2019,,1859255,,,,,
dataflow,ESTAT:DEMO_PJANGROUP(1.0),Population on 1 January by age group and sex,A,Annual,NR,Number,F,Females,Y20-24,From 20 to 24 years,FR,France,2020,,1869816,,,,,
dataflow,ESTAT:DEMO_PJANGROUP(1.0),Population on 1 January by age group and sex,A,Annual,NR,Number,F,Females,Y20-24,From 20 to 24 years,FR,France,2021,,1899877,,,,,
dataflow,ESTAT:DEMO_PJANGROUP(1.0),Population on 1 January by age group and sex,A,Annual,NR,Number,F,Females,Y20-24,From 20 to 24 years,FR,France,2022,,1925750,,,,,
dataflow,ESTAT:DEMO_PJANGROUP(1.0),Population on 1 January by age group and sex,A,Annual,NR,Number,F,Females,Y20-24,From 20 to 24 years,FR,France,2023,,1940741,,p,provisional,,
dataflow,ESTAT:DEMO_PJANGROUP(1.0),Population on 1 January by age group and sex,A,Annual,NR,Number,F,Females,Y20-24,From 20 to 24 years,FR,France,2024,,1937418,,p,provisional,,
dataflow,ESTAT:DEMO_PJANGROUP(1.0),Population on 1 January by age group and sex,A,Annual,NR,Number,F,Females,Y20-24,From 20 to 24 years,UK,United Kingdom,2004,,1892988,,,,,
dataflow,ESTAT:DEMO_PJANGROUP(1.0),Population on 1 January by age group and sex,A,Annual,NR,Number,F,Females,Y20-24,From 20 to 24 years,UK,United Kingdom,2005,,1936368.0,,,,,
dataflow,ESTAT:DEMO_PJANGROUP(1.0),Population on 1 January by age group and sex,A,Annual,NR,Number,F,Females,Y20-24,From 20 to 24 years,UK,United Kingdom,2006,,1983089.0,,,,,
dataflow,ESTAT:DEMO_PJANGROUP(1.0),Population on 1 January by age group and sex,A,Annual,NR,Number,F,Females,Y20-24,From 20 to 24 years,UK,United Kingdom,2007,,2020147.0,,,,,
dataflow,ESTAT:DEMO_PJANGROUP(1.0),Population on 1 January by age group and sex,A,Annual,NR,Number,F,Females,Y20-24,From 20 to 24 years,UK,United Kingdom,2008,,2053778.0,,,,,
dataflow,ESTAT:DEMO_PJANGROUP(1.0),Population on 1 January by age group and sex,A,Annual,NR,Number,F,Females,Y20-24,From 20 to 24 years,UK,United Kingdom,2009,,2075257.0,,,,,
dataflow,ESTAT:DEMO_PJANGROUP(1.0),Population on 1 January by age group and sex,A,Annual,NR,Number,F,Females,Y20-24,From 20 to 24 years,UK,United Kingdom,2010,,2086317.0,,,,,
dataflow,ESTAT:DEMO_PJANGROUP(1.0),Population on 1 January by age group and sex,A,Annual,NR,Number,F,Females,Y20-24,From 20 to 24 years,UK,United Kingdom,2011,,2111579,,,,,
dataflow,ESTAT:DEMO_PJANGROUP(1.0),Population on 1 January by age group and sex,A,Annual,NR,Number,F,Females,Y20-24,From 20 to 24 years,UK,United Kingdom,2012,,2135262,,,,,
dataflow,ESTAT:DEMO_PJANGROUP(1.0),Population on 1 January by age group and sex,A,Annual,NR,Number,F,Females,Y20-24,From 20 to 24 years,UK,United Kingdom,2013,,2133989,,,,,
dataflow,ESTAT:DEMO_PJANGROUP(1.0),Population on 1 January by age group and sex,A,Annual,NR,Number,F,Females,Y20-24,From 20 to 24 years,UK,United Kingdom,2014,,2123220,,,,,
dataflow,ESTAT:DEMO_PJANGROUP(1.0),Population on 1 January by age group and sex,A,Annual,NR,Number,F,Females,Y20-24,From 20 to 24 years,UK,United Kingdom,2015,,2113258,,,,,
dataflow,ESTAT:DEMO_PJANGROUP(1.0),Population on 1 January by age group and sex,A,Annual,NR,Number,F,Females,Y20-24,From 20 to 24 years,UK,United Kingdom,2016,,2092141,,,,,
dataflow,ESTAT:DEMO_PJANGROUP(1.0),Population on 1 January by age group and sex,A,Annual,NR,Number,F,Females,Y20-24,From 20 to 24 years,UK,United Kingdom,2017,,2063047,,,,,
dataflow,ESTAT:DEMO_PJANGROUP(1.0),Population on 1 January by age group and sex,A,Annual,NR,Number,F,Females,Y20-24,From 20 to 24 years,UK,United Kingdom,2018,,2040934,,,,,
dataflow,ESTAT:DEMO_PJANGROUP(1.0),Population on 1 January by age group and sex,A,Annual,NR,Number,F,Females,Y20-24,From 20 to 24 years,UK,United Kingdom,2019,,2025916,,,,,
dataflow,ESTAT:DEMO_PJANGROUP(1.0),Population on 1 January by age group and sex,A,Annual,NR,Number,M,Males,Y15-19,From 15 to 19 years,DE,Germany,2004,,2433437,,,,,
dataflow,ESTAT:DEMO_PJANGROUP(1.0),Population on 1 January by age group and sex,A,Annual,NR,Number,M,Males,Y15-19,From 15 to 19 years,DE,Germany,2005,,2455342.0,,,,,
dataflow,ESTAT:DEMO_PJANGROUP(1.0),Population on 1 January by age group and sex,A,Annual,NR,Number,M,Males,Y15-19,From 15 to 19 years,DE,Germany,2006,,2479805.0,,,,,
dataflow,ESTAT:DEMO_PJANGROUP(1.0),Population on 1 January by age group and sex,A,Annual,NR,Number,M,Males,Y15-19,From 15 to 19 years,DE,Germany,2007,,2441856.0,,,,,
dataflow,ESTAT:DEMO_PJANGROUP(1.0),Population on 1 January by age group and sex,A,Annual,NR,Number,M,Males,Y15-19,From 15 to 19 years,DE,Germany,2008,,2379143.0,,,,,
dataflow,ESTAT:DEMO_PJANGROUP(1.0),Population on 1 January by age group and sex,A,Annual,NR,Number,M,Males,Y15-19,From 15 to 19 years,DE,Germany,2009,,2295761.0,,,,,
dataflow,ESTAT:DEMO_PJANGROUP(1.0),Population on 1 January by age group and sex,A,Annual,NR,Number,M,Males,Y15-19,From 15 to 19 years,DE,Germany,2010,,2214032.0,,,,,
dataflow,ESTAT:DEMO_PJANGROUP(1.0),Population on 1 January by age group and sex,A,Annual,NR,Number,M,Males,Y15-19,From 15 to 19 years,DE,Germany,2011,,2083816,,b,break in time series,,
dataflow,ESTAT:DEMO_PJANGROUP(1.0),Population on 1 January by age group and sex,A,Annual,NR,Number,M,Males,Y15-19,From 15 to 19 years,DE,Germany,2012,,2065083,,,,,
dataflow,ESTAT:DEMO_PJANGROUP(1.0),Population on 1 January by age group and sex,A,Annual,NR,Number,M,Males,Y15-19,From 15 to 19 years,DE,Germany,2013,,2072210,,,,,
dataflow,ESTAT:DEMO_PJANGROUP(1.0),Population on 1 January by age group and sex,A,Annual,NR,Number,M,Males,Y15-19,From 15 to 19 years,DE,Germany,2014,,2075810,,,,,
dataflow,ESTAT:DEMO_PJANGROUP(1.0),Population on 1 January by age group and sex,A,Annual,NR,Number,M,Males,Y15-19,From 15 to 19 years,DE,Germany,2015,,2094653,,,,,
dataflow,ESTAT:DEMO_PJANGROUP(1.0),Population on 1 January by age group and sex,A,Annual,NR,Number,M,Males,Y15-19,From 15 to 19 years,DE,Germany,2016,,2189470,,,,,
dataflow,ESTAT:DEMO_PJANGROUP(1.0),Population on 1 January by age group and sex,A,Annual,NR,Number,M,Males,Y15-19,From 15 to 19 years,DE,Germany,2017,,2187398,,,,,
dataflow,ESTAT:DEMO_PJANGROUP(1.0),Population on 1 January by age group and sex,A,Annual,NR,Number,M,Males,Y15-19,From 15 to 19 years,DE,Germany,2018,,2131312,,,,,
dataflow,ESTAT:DEMO_PJANGROUP(1.0),Population on 1 January by age group and sex,A,Annual,NR,Number,M,Males,Y15-19,From 15 to 19 years,DE,Germany,2019,,2082699,,,,,
dataflow,ESTAT:DEMO_PJANGROUP(1.0),Population on 1 January by age group and sex,A,Annual,NR,Number,M,Males,Y15-19,From 15 to 19 years,DE,Germany,2020,,2038846,,,,,
dataflow,ESTAT:DEMO_PJANGROUP(1.0),Population on 1 January by age group and sex,A,Annual,NR,Number,M,Males,Y15-19,From 15 to 19 years,DE,Germany,2021,,1991487,,,,,
dataflow,ESTAT:DEMO_PJANGROUP(1.0),Population on 1 January by age group and sex,A,Annual,NR,Number,M,Males,Y15-19,From 15 to 19 years,DE,Germany,2022,,1975398,,,,,
dataflow,ESTAT:DEMO_PJANGROUP(1.0),Population on 1 January by age group and sex,A,Annual,NR,Number,M,Males,Y15-19,From 15 to 19 years,DE,Germany,2023,,1993129,,b,break in time series,,
dataflow,ESTAT:DEMO_PJANGROUP(1.0),Population on 1 January by age group and sex,A,Annual,NR,Number,M,Males,Y15-19,From 15 to 19 years,DE,Germany,2024,,2051493,,,,,
dataflow,ESTAT:DEMO_PJANGROUP(1.0),Population on 1 January by age group and sex,A,Annual,NR,Number,M,Males,Y15-19,From 15 to 19 years,DE_TOT,Germany including former GDR,2004,,2433437,,,,,
dataflow,ESTAT:DEMO_PJANGROUP(1.0),Population on 1 January by age group and sex,A,Annual,NR,Number,M,Males,Y15-19,From 15 to 19 years,DE_TOT,Germany including former GDR,2005,,2455342.0,,,,,
dataflow,ESTAT:DEMO_PJANGROUP(1.0),Population on 1 January by age group and sex,A,Annual,NR,Number,M,Males,Y15-19,From 15 to 19 years,DE_TOT,Germany including former GDR,2006,,2479805.0,,,,,
dataflow,ESTAT:DEMO_PJANGROUP(1.0),Population on 1 January by age group and sex,A,Annual,NR,Number,M,Males,Y15-19,From 15 to 19 years,DE_TOT,Germany including former GDR,2007,,2441856.0,,,,,
dataflow,ESTAT:DEMO_PJANGROUP(1.0),Population on 1 January by age group and sex,A,Annual,NR,Number,M,Males,Y15-19,From 15 to 19 years,DE_TOT,Germany including former GDR,2008,,2379143.0,,,,,
dataflow,ESTAT:DEMO_PJANGROUP(1.0),Population on 1 January by age group and sex,A,Annual,NR,Number,M,Males,Y15-19,From 15 to 19 years,DE_TOT,Germany including former GDR,2009,,2295761.0,,,,,
dataflow,ESTAT:DEMO_PJANGROUP(1.0),Population on 1 January by age group and sex,A,Annual,NR,Number,M,Males,Y15-19,From 15 to 19 years,DE_TOT,Germany including former GDR,2010,,2214032.0,,,,,
dataflow,ESTAT:DEMO_PJANGROUP(1.0),Population on 1 January by age group and sex,A,Annual,NR,Number,M,Males,Y15-19,From 15 to 19 years,DE_TOT,Germany including former GDR,2011,,2083816,,b,break in time series,,
dataflow,ESTAT:DEMO_PJANGROUP(1.0),Population on 1 January by age group and sex,A,Annual,NR,Number,M,Males,Y15-19,From 15 to 19 years,DE_TOT,Germany including former GDR,2012,,2065083,,,,,
dataflow,ESTAT:DEMO_PJANGROUP(1.0),Population on 1 January by age group and sex,A,Annual,NR,Number,M,Males,Y15-19,From 15 to 19 years,DE_TOT,Germany including former GDR,2013,,2072210,,,,,
dataflow,ESTAT:DEMO_PJANGROUP(1.0),Population on 1 January by age group and sex,A,Annual,NR,Number,M,Males,Y15-19,From 15 to 19 years,DE_TOT,Germany including former GDR,2014,,2075810,,,,,
dataflow,ESTAT:DEMO_PJANGROUP(1.0),Population on 1 January by age group and sex,A,Annual,NR,Number,M,Males,Y15-19,From 15 to 19 years,DE_TOT,Germany including former GDR,2015,,2094653,,,,,
dataflow,ESTAT:DEMO_PJANGROUP(1.0),Population on 1 January by age group and sex,A,Annual,NR,Number,M,Males,Y15-19,From 15 to 19 years,DE_TOT,Germany including former GDR,2016,,2189470,,,,,
dataflow,ESTAT:DEMO_PJANGROUP(1.0),Population on 1 January by age group and sex,A,Annual,NR,Number,M,Males,Y15-19,From 15 to 19 years,DE_TOT,Germany including former GDR,2017,,2187398,,,,,
dataflow,ESTAT:DEMO_PJANGROUP(1.0),Population on 1 January by age group and sex,A,Annual,NR,Number,M,Males,Y15-19,From 15 to 19 years,DE_TOT,Germany including former GDR,2018,,2131312,,,,,
dataflow,ESTAT:DEMO_PJANGROUP(1.0),Population on 1 January by age group and sex,A,Annual,NR,Number,M,Males,Y15-19,From 15 to 19 years,DE_TOT,Germany including former GDR,2019,,2082699,,,,,
dataflow,ESTAT:DEMO_PJANGROUP(1.0),Population on 1 January by age group and sex,A,Annual,NR,Number,M,Males,Y15-19,From 15 to 19 years,DE_TOT,Germany including former GDR,2020,,2038846,,,,,
dataflow,ESTAT:DEMO_PJANGROUP(1.0),Population on 1 January by age group and sex,A,Annual,NR,Number,M,Males,Y15-19,From 15 to 19 years,DE_TOT,Germany including former GDR,2021,,1991487,,,,,
dataflow,ESTAT:DEMO_PJANGROUP(1.0),Population on 1 January by age group and sex,A,Annual,NR,Number,M,Males,Y15-19,From 15 to 19 years,DE_TOT,Germany including former GDR,2022,,1975398,,,,,
dataflow,ESTAT:DEMO_PJANGROUP(1.0),Population on 1 January by age group and sex,A,Annual,NR,Number,M,Males,Y15-19,From 15 to 19 years,DE_TOT,Germany including former GDR,2023,,1993129,,b,break in time series,,
dataflow,ESTAT:DEMO_PJANGROUP(1.0),Population on 1 January by age group and sex,A,Annual,NR,Number,M,Males,Y15-19,From 15 to 19 years,DE_TOT,Germany including former GDR,2024,,2051493,,,,,
dataflow,ESTAT:DEMO_PJANGROUP(1.0),Population on 1 January by age group and sex,A,Annual,NR,Number,M,Males,Y15-19,From 15 to 19 years,FR,France,2004,,2089909,,,,,
dataflow,ESTAT:DEMO_PJANGROUP(1.0),Population on 1 January by age group and sex,A,Annual,NR,Number,M,Males,Y15-19,From 15 to 19 years,FR,France,2005,,2116321.0,,,,,
dataflow,ESTAT:DEMO_PJANGROUP(1.0),Population on 1 January by age group and sex,A,Annual,NR,Number,M,Males,Y15-19,From 15 to 19 years,FR,France,2006,,2129050.0,,,,,
dataflow,ESTAT:DEMO_PJANGROUP(1.0),Population on 1 January by age group and sex,A,Annual,NR,Number,M,Males,Y15-19,From 15 to 19 years,FR,France,2007,,2120641.0,,,,,
dataflow,ESTAT:DEMO_PJANGROUP(1.0),Population on 1 January by age group and sex,A,Annual,NR,Number,M,Males,Y15-19,From 15 to 19 years,FR,France,2008,,2107684.0,,,,,
dataflow,ESTAT:DEMO_PJANGROUP(1.0),Population on 1 January by age group and sex,A,Annual,NR,Number,M,Males,Y15-19,From 15 to 19 years,FR,France,2009,,2075172.0,,,,,
dataflow,ESTAT:DEMO_PJANGROUP(1.0),Population on 1 January by age group and sex,A,Annual,NR,Number,M,Males,Y15-19,From 15 to 19 years,FR,France,2010,,2052547.0,,,,,
dataflow,ESTAT:DEMO_PJANGROUP(1.0),Population on 1 January by age group and sex,A,Annual,NR,Number,M,Males,Y15-19,From 15 to 19 years,FR,France,2011,,2036045,,,,,
dataflow,ESTAT:DEMO_PJANGROUP(1.0),Population on 1 January by age group and sex,A,Annual,NR,Number,M,Males,Y15-19,From 15 to 19 years,FR,France,2012,,2008485,,,,,
dataflow,ESTAT:DEMO_PJANGROUP(1.0),Population on 1 January by age group and sex,A,Annual,NR,Number,M,Males,Y15-19,From 15 to 19 years,FR,France,2013,,2001402,,,,,
dataflow,ESTAT:DEMO_PJANGROUP(1.0),Population on 1 January by age group and sex,A,Annual,NR,Number,M,Males,Y15-19,From 15 to 19 years,FR,France,2014,,2034528,,b,break in time series,,
dataflow,ESTAT:DEMO_PJANGROUP(1.0),Population on 1 January by age group and sex,A,Annual,NR,Number,M,Males,Y15-19,From 15 to 19 years,FR,France,2015,,2059546,,,,,
dataflow,ESTAT:DEMO_PJANGROUP(1.0),Population on 1 January by age group and sex,A,Annual,NR,Number,M,Males,Y15-19,From 15 to 19 years,FR,France,2016,,2088518,,,,,
dataflow,ESTAT:DEMO_PJANGROUP(1.0),Population on 1 January by age group and sex,A,Annual,NR,Number,M,Males,Y15-19,From 15 to 19 years,FR,France,2017,,2106128,,,,,
dataflow,ESTAT:DEMO_PJANGROUP(1.0),Population on 1 January by age group and sex,A,Annual,NR,Number,M,Males,Y15-19,From 15 to 19 years,FR,France,2018,,2127989,,p,provisional,,
dataflow,ESTAT:DEMO_PJANGROUP(1.0),Population on 1 January by age group and sex,A,Annual,NR,Number,M,Males,Y15-19,From 15 to 19 years,FR,France,2019,,2149706,,,,,
dataflow,ESTAT:DEMO_PJANGROUP(1.0),Population on 1 January by age group and sex,A,Annual,NR,Number,M,Males,Y15-19,From 15 to 19 years,FR,France,2020,,2152075,,,,,
dataflow,ESTAT:DEMO_PJANGROUP(1.0),Population on 1 January by age group and sex,A,Annual,NR,Number,M,Males,Y15-19,From 15 to 19 years,FR,France,2021,,2140898,,,,,
dataflow,ESTAT:DEMO_PJANGROUP(1.0),Population on 1 January by age group and sex,A,Annual,NR,Number,M,Males,Y15-19,From 15 to 19 years,FR,France,2022,,2154258,,,,,
dataflow,ESTAT:DEMO_PJANGROUP(1.0),Population on 1 January by age group and sex,A,Annual,NR,Number,M,Males,Y15-19,From 15 to 19 years,FR,France,2023,,2171769,,p,provisional,,
dataflow,ESTAT:DEMO_PJANGROUP(1.0),Population on 1 January by age group and sex,A,Annual,NR,Number,M,Males,Y15-19,From 15 to 19 years,FR,France,2024,,2198009,,p,provisional,,
dataflow,ESTAT:DEMO_PJANGROUP(1.0),Population on 1 January by age group and sex,A,Annual,NR,Number,M,Males,Y15-19,From 15 to 19 years,UK,United Kingdom,2004,,1962592,,,,,
dataflow,ESTAT:DEMO_PJANGROUP(1.0),Population on 1 January by age group and sex,A,Annual,NR,Number,M,Males,Y15-19,From 15 to 19 years,UK,United Kingdom,2005,,1973938.0,,,,,
dataflow,ESTAT:DEMO_PJANGROUP(1.0),Population on 1 January by age group and sex,A,Annual,NR,Number,M,Males,Y15-19,From 15 to 19 years,UK,United Kingdom,2006,,1993663.0,,,,,
dataflow,ESTAT:DEMO_PJANGROUP(1.0),Population on 1 January by age group and sex,A,Annual,NR,Number,M,Males,Y15-19,From 15 to 19 years,UK,United Kingdom,2007,,2022660.0,,,,,
dataflow,ESTAT:DEMO_PJANGROUP(1.0),Population on 1 January by age group and sex,A,Annual,NR,Number,M,Males,Y15-19,From 15 to 19 years,UK,United Kingdom,2008,,2035250.0,,,,,
dataflow,ESTAT:DEMO_PJANGROUP(1.0),Population on 1 January by age group and sex,A,Annual,NR,Number,M,Males,Y15-19,From 15 to 19 years,UK,United Kingdom,2009,,2040878.0,,,,,
dataflow,ESTAT:DEMO_PJANGROUP(1.0),Population on 1 January by age group and sex,A,Annual,NR,Number,M,Males,Y15-19,From 15 to 19 years,UK,United Kingdom,2010,,2045372.0,,,,,
dataflow,ESTAT:DEMO_PJANGROUP(1.0),Population on 1 January by age group and sex,A,Annual,NR,Number,M,Males,Y15-19,From 15 to 19 years,UK,United Kingdom,2011,,2037802,,,,,
dataflow,ESTAT:DEMO_PJANGROUP(1.0),Population on 1 January by age group and sex,A,Annual,NR,Number,M,Males,Y15-19,From 15 to 19 years,UK,United Kingdom,2012,,2022223,,,,,
dataflow,ESTAT:DEMO_PJANGROUP(1.0),Population on 1 January by age group and sex,A,Annual,NR,Number,M,Males,Y15-19,From 15 to 19 years,UK,United Kingdom,2013,,2003099,,,,,
dataflow,ESTAT:DEMO_PJANGROUP(1.0),Population on 1 January by age group and sex,A,Annual,NR,Number,M,Males,Y15-19,From 15 to 19 years,UK,United Kingdom,2014,,1984988,,,,,
dataflow,ESTAT:DEMO_PJANGROUP(1.0),Population on 1 January by age group and sex,A,Annual,NR,Number,M,Males,Y15-19,From 15 to 19 years,UK,United Kingdom,2015,,1970469,,,,,
dataflow,ESTAT:DEMO_PJANGROUP(1.0),Population on 1 January by age group and sex,A,Annual,NR,Number,M,Males,Y15-19,From 15 to 19 years,UK,United Kingdom,2016,,1951918,,,,,
dataflow,ESTAT:DEMO_PJANGROUP(1.0),Population on 1 January by age group and sex,A,Annual,NR,Number,M,Males,Y15-19,From 15 to 19 years,UK,United Kingdom,2017,,1920600,,,,,
dataflow,ESTAT:DEMO_PJANGROUP(1.0),Population on 1 January by age group and sex,A,Annual,NR,Number,M,Males,Y15-19,From 15 to 19 years,UK,United Kingdom,2018,,1888733,,,,,
dataflow,ESTAT:DEMO_PJANGROUP(1.0),Population on 1 January by age group and sex,A,Annual,NR,Number,M,Males,Y15-19,From 15 to 19 years,UK,United Kingdom,2019,,1880569,,,,,
dataflow,ESTAT:DEMO_PJANGROUP(1.0),Population on 1 January by age group and sex,A,Annual,NR,Number,M,Males,Y20-24,From 20 to 24 years,DE,Germany,2004,,2476210,,,,,
dataflow,ESTAT:DEMO_PJANGROUP(1.0),Population on 1 January by age group and sex,A,Annual,NR,Number,M,Males,Y20-24,From 20 to 24 years,DE,Germany,2005,,2480735.0,,,,,
dataflow,ESTAT:DEMO_PJANGROUP(1.0),Population on 1 January by age group and sex,A,Annual,NR,Number,M,Males,Y20-24,From 20 to 24 years,DE,Germany,2006,,2461472.0,,,,,
dataflow,ESTAT:DEMO_PJANGROUP(1.0),Population on 1 January by age group and sex,A,Annual,NR,Number,M,Males,Y20-24,From 20 to 24 years,DE,Germany,2007,,2461417.0,,,,,
dataflow,ESTAT:DEMO_PJANGROUP(1.0),Population on 1 January by age group and sex,A,Annual,NR,Number,M,Males,Y20-24,From 20 to 24 years,DE,Germany,2008,,2468554.0,,,,,
dataflow,ESTAT:DEMO_PJANGROUP(1.0),Population on 1 January by age group and sex,A,Annual,NR,Number,M,Males,Y20-24,From 20 to 24 years,DE,Germany,2009,,2496201.0,,,,,
dataflow,ESTAT:DEMO_PJANGROUP(1.0),Population on 1 January by age group and sex,A,Annual,NR,Number,M,Males,Y20-24,From 20 to 24 years,DE,Germany,2010,,2516653.0,,,,,
dataflow,ESTAT:DEMO_PJANGROUP(1.0),Population on 1 January by age group and sex,A,Annual,NR,Number,M,Males,Y20-24,From 20 to 24 years,DE,Germany,2011,,2472556,,b,break in time series,,
dataflow,ESTAT:DEMO_PJANGROUP(1.0),Population on 1 January by age group and sex,A,Annual,NR,Number,M,Males,Y20-24,From 20 to 24 years,DE,Germany,2012,,2461144,,,,,
dataflow,ESTAT:DEMO_PJANGROUP(1.0),Population on 1 January by age group and sex,A,Annual,NR,Number,M,Males,Y20-24,From 20 to 24 years,DE,Germany,2013,,2428561,,,,,
dataflow,ESTAT:DEMO_PJANGROUP(1.0),Population on 1 January by age group and sex,A,Annual,NR,Number,M,Males,Y20-24,From 20 to 24 years,DE,Germany,2014,,2385524,,,,,
dataflow,ESTAT:DEMO_PJANGROUP(1.0),Population on 1 January by age group and sex,A,Annual,NR,Number,M,Males,Y20-24,From 20 to 24 years,DE,Germany,2015,,2357904,,,,,
dataflow,ESTAT:DEMO_PJANGROUP(1.0),Population on 1 January by age group and sex,A,Annual,NR,Number,M,Males,Y20-24,From 20 to 24 years,DE,Germany,2016,,2398568,,,,,
dataflow,ESTAT:DEMO_PJANGROUP(1.0),Population on 1 January by age group and sex,A,Annual,NR,Number,M,Males,Y20-24,From 20 to 24 years,DE,Germany,2017,,2395930,,,,,
dataflow,ESTAT:DEMO_PJANGROUP(1.0),Population on 1 January by age group and sex,A,Annual,NR,Number,M,Males,Y20-24,From 20 to 24 years,DE,Germany,2018,,2413076,,,,,
dataflow,ESTAT:DEMO_PJANGROUP(1.0),Population on 1 January by age group and sex,A,Annual,NR,Number,M,Males,Y20-24,From 20 to 24 years,DE,Germany,2019,,2415012,,,,,
dataflow,ESTAT:DEMO_PJANGROUP(1.0),Population on 1 January by age group and sex,A,Annual,NR,Number,M,Males,Y20-24,From 20 to 24 years,DE,Germany,2020,,2416497,,,,,
dataflow,ESTAT:DEMO_PJANGROUP(1.0),Population on 1 January by age group and sex,A,Annual,NR,Number,M,Males,Y20-24,From 20 to 24 years,DE,Germany,2021,,2394221,,,,,
dataflow,ESTAT:DEMO_PJANGROUP(1.0),Population on 1 January by age group and sex,A,Annual,NR,Number,M,Males,Y20-24,From 20 to 24 years,DE,Germany,2022,,2364238,,,,,
dataflow,ESTAT:DEMO_PJANGROUP(1.0),Population on 1 January by age group and sex,A,Annual,NR,Number,M,Males,Y20-24,From 20 to 24 years,DE,Germany,2023,,2292093,,b,break in time series,,
dataflow,ESTAT:DEMO_PJANGROUP(1.0),Population on 1 January by age group and sex,A,Annual,NR,Number,M,Males,Y20-24,From 20 to 24 years,DE,Germany,2024,,2292971,,,,,
dataflow,ESTAT:DEMO_PJANGROUP(1.0),Population on 1 January by age group and sex,A,Annual,NR,Number,M,Males,Y20-24,From 20 to 24 years,DE_TOT,Germany including former GDR,2004,,2476210,,,,,
dataflow,ESTAT:DEMO_PJANGROUP(1.0),Population on 1 January by age group and sex,A,Annual,NR,Number,M,Males,Y20-24,From 20 to 24 years,DE_TOT,Germany including former GDR,2005,,2480735.0,,,,,
dataflow,ESTAT:DEMO_PJANGROUP(1.0),Population on 1 January by age group and sex,A,Annual,NR,Number,M,Males,Y20-24,From 20 to 24 years,DE_TOT,Germany including former GDR,2006,,2461472.0,,,,,
dataflow,ESTAT:DEMO_PJANGROUP(1.0),Population on 1 January by age group and sex,A,Annual,NR,Number,M,Males,Y20-24,From 20 to 24 years,DE_TOT,Germany including former GDR,2007,,2461417.0,,,,,
dataflow,ESTAT:DEMO_PJANGROUP(1.0),Population on 1 January by age group and sex,A,Annual,NR,Number,M,Males,Y20-24,From 20 to 24 years,DE_TOT,Germany including former GDR,2008,,2468554.0,,,,,
dataflow,ESTAT:DEMO_PJANGROUP(1.0),Population on 1 January by age group and sex,A,Annual,NR,Number,M,Males,Y20-24,From 20 to 24 years,DE_TOT,Germany including former GDR,2009,,2496201.0,,,,,
dataflow,ESTAT:DEMO_PJANGROUP(1.0),Population on 1 January by age group and sex,A,Annual,NR,Number,M,Males,Y20-24,From 20 to 24 years,DE_TOT,Germany including former GDR,2010,,2516653.0,,,,,
dataflow,ESTAT:DEMO_PJANGROUP(1.0),Population on 1 January by age group and sex,A,Annual,NR,Number,M,Males,Y20-24,From 20 to 24 years,DE_TOT,Germany including former GDR,2011,,2472556,,b,break in time series,,
dataflow,ESTAT:DEMO_PJANGROUP(1.0),Population on 1 January by age group and sex,A,Annual,NR,Number,M,Males,Y20-24,From 20 to 24 years,DE_TOT,Germany including former GDR,2012,,2461144,,,,,
dataflow,ESTAT:DEMO_PJANGROUP(1.0),Population on 1 January by age group and sex,A,Annual,NR,Number,M,Males,Y20-24,From 20 to 24 years,DE_TOT,Germany including former GDR,2013,,2428561,,,,,
dataflow,ESTAT:DEMO_PJANGROUP(1.0),Population on 1 January by age group and sex,A,Annual,NR,Number,M,Males,Y20-24,From 20 to 24 years,DE_TOT,Germany including former GDR,2014,,2385524,,,,,
dataflow,ESTAT:DEMO_PJANGROUP(1.0),Population on 1 January by age group and sex,A,Annual,NR,Number,M,Males,Y20-24,From 20 to 24 years,DE_TOT,Germany including former GDR,2015,,2357904,,,,,
dataflow,ESTAT:DEMO_PJANGROUP(1.0),Population on 1 January by age group and sex,A,Annual,NR,Number,M,Males,Y20-24,From 20 to 24 years,DE_TOT,Germany including former GDR,2016,,2398568,,,,,
dataflow,ESTAT:DEMO_PJANGROUP(1.0),Population on 1 January by age group and sex,A,Annual,NR,Number,M,Males,Y20-24,From 20 to 24 years,DE_TOT,Germany including former GDR,2017,,2395930,,,,,
dataflow,ESTAT:DEMO_PJANGROUP(1.0),Population on 1 January by age group and sex,A,Annual,NR,Number,M,Males,Y20-24,From 20 to 24 years,DE_TOT,Germany including former GDR,2018,,2413076,,,,,
dataflow,ESTAT:DEMO_PJANGROUP(1.0),Population on 1 January by age group and sex,A,Annual,NR,Number,M,Males,Y20-24,From 20 to 24 years,DE_TOT,Germany including former GDR,2019,,2415012,,,,,
dataflow,ESTAT:DEMO_PJANGROUP(1.0),Population on 1 January by age group and sex,A,Annual,NR,Number,M,Males,Y20-24,From 20 to 24 years,DE_TOT,Germany including former GDR,2020,,2416497,,,,,
dataflow,ESTAT:DEMO_PJANGROUP(1.0),Population on 1 January by age group and sex,A,Annual,NR,Number,M,Males,Y20-24,From 20 to 24 years,DE_TOT,Germany including former GDR,2021,,2394221,,,,,
dataflow,ESTAT:DEMO_PJANGROUP(1.0),Population on 1 January by age group and sex,A,Annual,NR,Number,M,Males,Y20-24,From 20 to 24 years,DE_TOT,Germany including former GDR,2022,,2364238,,,,,
dataflow,ESTAT:DEMO_PJANGROUP(1.0),Population on 1 January by age group and sex,A,Annual,NR,Number,M,Males,Y20-24,From 20 to 24 years,DE_TOT,Germany including former GDR,2023,,2292093,,b,break in time series,,
dataflow,ESTAT:DEMO_PJANGROUP(1.0),Population on 1 January by age group and sex,A,Annual,NR,Number,M,Males,Y20-24,From 20 to 24 years,DE_TOT,Germany including former GDR,2024,,2292971,,,,,
dataflow,ESTAT:DEMO_PJANGROUP(1.0),Population on 1 January by age group and sex,A,Annual,NR,Number,M,Males,Y20-24,From 20 to 24 years,FR,France,2004,,2005783,,,,,
dataflow,ESTAT:DEMO_PJANGROUP(1.0),Population on 1 January by age group and sex,A,Annual,NR,Number,M,Males,Y20-24,From 20 to 24 years,FR,France,2005,,2018188.0,,,,,
dataflow,ESTAT:DEMO_PJANGROUP(1.0),Population on 1 January by age group and sex,A,Annual,NR,Number,M,Males,Y20-24,From 20 to 24 years,FR,France,2006,,2029882.0,,,,,
dataflow,ESTAT:DEMO_PJANGROUP(1.0),Population on 1 January by age group and sex,A,Annual,NR,Number,M,Males,Y20-24,From 20 to 24 years,FR,France,2007,,2021964.0,,,,,
dataflow,ESTAT:DEMO_PJANGROUP(1.0),Population on 1 January by age group and sex,A,Annual,NR,Number,M,Males,Y20-24,From 20 to 24 years,FR,France,2008,,2010667.0,,,,,
dataflow,ESTAT:DEMO_PJANGROUP(1.0),Population on 1 January by age group and sex,A,Annual,NR,Number,M,Males,Y20-24,From 20 to 24 years,FR,France,2009,,2026377.0,,,,,
dataflow,ESTAT:DEMO_PJANGROUP(1.0),Population on 1 January by age group and sex,A,Annual,NR,Number,M,Males,Y20-24,From 20 to 24 years,FR,France,2010,,2027259.0,,,,,
dataflow,ESTAT:DEMO_PJANGROUP(1.0),Population on 1 January by age group and sex,A,Annual,NR,Number,M,Males,Y20-24,From 20 to 24 years,FR,France,2011,,2021818,,,,,
dataflow,ESTAT:DEMO_PJANGROUP(1.0),Population on 1 January by age group and sex,A,Annual,NR,Number,M,Males,Y20-24,From 20 to 24 years,FR,France,2012,,2007534,,,,,
dataflow,ESTAT:DEMO_PJANGROUP(1.0),Population on 1 January by age group and sex,A,Annual,NR,Number,M,Males,Y20-24,From 20 to 24 years,FR,France,2013,,1995712,,,,,
dataflow,ESTAT:DEMO_PJANGROUP(1.0),Population on 1 January by age group and sex,A,Annual,NR,Number,M,Males,Y20-24,From 20 to 24 years,FR,France,2014,,1970913,,b,break in time series,,
dataflow,ESTAT:DEMO_PJANGROUP(1.0),Population on 1 January by age group and sex,A,Annual,NR,Number,M,Males,Y20-24,From 20 to 24 years,FR,France,2015,,1938406,,,,,
dataflow,ESTAT:DEMO_PJANGROUP(1.0),Population on 1 January by age group and sex,A,Annual,NR,Number,M,Males,Y20-24,From 20 to 24 years,FR,France,2016,,1913344,,,,,
dataflow,ESTAT:DEMO_PJANGROUP(1.0),Population on 1 January by age group and sex,A,Annual,NR,Number,M,Males,Y20-24,From 20 to 24 years,FR,France,2017,,1894809,,,,,
dataflow,ESTAT:DEMO_PJANGROUP(1.0),Population on 1 January by age group and sex,A,Annual,NR,Number,M,Males,Y20-24,From 20 to 24 years,FR,France,2018,,1884912,,p,provisional,,
dataflow,ESTAT:DEMO_PJANGROUP(1.0),Population on 1 January by age group and sex,A,Annual,NR,Number,M,Males,Y20-24,From 20 to 24 years,FR,France,2019,,1912895,,,,,
dataflow,ESTAT:DEMO_PJANGROUP(1.0),Population on 1 January by age group and sex,A,Annual,NR,Number,M,Males,Y20-24,From 20 to 24 years,FR,France,2020,,1930932,,,,,
dataflow,ESTAT:DEMO_PJANGROUP(1.0),Population on 1 January by age group and sex,A,Annual,NR,Number,M,Males,Y20-24,From 20 to 24 years,FR,France,2021,,1968514,,,,,
dataflow,ESTAT:DEMO_PJANGROUP(1.0),Population on 1 January by age group and sex,A,Annual,NR,Number,M,Males,Y20-24,From 20 to 24 years,FR,France,2022,,2000306,,,,,
dataflow,ESTAT:DEMO_PJANGROUP(1.0),Population on 1 January by age group and sex,A,Annual,NR,Number,M,Males,Y20-24,From 20 to 24 years,FR,France,2023,,2016418,,p,provisional,,
dataflow,ESTAT:DEMO_PJANGROUP(1.0),Population on 1 January by age group and sex,A,Annual,NR,Number,M,Males,Y20-24,From 20 to 24 years,FR,France,2024,,2018613,,p,provisional,,
dataflow,ESTAT:DEMO_PJANGROUP(1.0),Population on 1 January by age group and sex,A,Annual,NR,Number,M,Males,Y20-24,From 20 to 24 years,UK,United Kingdom,2004,,1901812,,,,,
dataflow,ESTAT:DEMO_PJANGROUP(1.0),Population on 1 January by age group and sex,A,Annual,NR,Number,M,Males,Y20-24,From 20 to 24 years,UK,United Kingdom,2005,,1953418.0,,,,,
dataflow,ESTAT:DEMO_PJANGROUP(1.0),Population on 1 January by age group and sex,A,Annual,NR,Number,M,Males,Y20-24,From 20 to 24 years,UK,United Kingdom,2006,,1991480.0,,,,,
dataflow,ESTAT:DEMO_PJANGROUP(1.0),Population on 1 January by age group and sex,A,Annual,NR,Number,M,Males,Y20-24,From 20 to 24 years,UK,United Kingdom,2007,,2027309.0,,,,,
dataflow,ESTAT:DEMO_PJANGROUP(1.0),Population on 1 January by age group and sex,A,Annual,NR,Number,M,Males,Y20-24,From 20 to 24 years,UK,United Kingdom,2008,,2059209.0,,,,,
dataflow,ESTAT:DEMO_PJANGROUP(1.0),Population on 1 January by age group and sex,A,Annual,NR,Number,M,Males,Y20-24,From 20 to 24 years,UK,United Kingdom,2009,,2068549.0,,,,,
dataflow,ESTAT:DEMO_PJANGROUP(1.0),Population on 1 January by age group and sex,A,Annual,NR,Number,M,Males,Y20-24,From 20 to 24 years,UK,United Kingdom,2010,,2088259.0,,,,,
dataflow,ESTAT:DEMO_PJANGROUP(1.0),Population on 1 January by age group and sex,A,Annual,NR,Number,M,Males,Y20-24,From 20 to 24 years,UK,United Kingdom,2011,,2139495,,,,,
dataflow,ESTAT:DEMO_PJANGROUP(1.0),Population on 1 January by age group and sex,A,Annual,NR,Number,M,Males,Y20-24,From 20 to 24 years,UK,United Kingdom,2012,,2180938,,,,,
dataflow,ESTAT:DEMO_PJANGROUP(1.0),Population on 1 January by age group and sex,A,Annual,NR,Number,M,Males,Y20-24,From 20 to 24 years,UK,United Kingdom,2013,,2189575,,,,,
dataflow,ESTAT:DEMO_PJANGROUP(1.0),Population on 1 January by age group and sex,A,Annual,NR,Number,M,Males,Y20-24,From 20 to 24 years,UK,United Kingdom,2014,,2190914,,,,,
dataflow,ESTAT:DEMO_PJANGROUP(1.0),Population on 1 January by age group and sex,A,Annual,NR,Number,M,Males,Y20-24,From 20 to 24 years,UK,United Kingdom,2015,,2191123,,,,,
dataflow,ESTAT:DEMO_PJANGROUP(1.0),Population on 1 January by age group and sex,A,Annual,NR,Number,M,Males,Y20-24,From 20 to 24 years,UK,United Kingdom,2016,,2182078,,,,,
dataflow,ESTAT:DEMO_PJANGROUP(1.0),Population on 1 January by age group and sex,A,Annual,NR,Number,M,Males,Y20-24,From 20 to 24 years,UK,United Kingdom,2017,,2167448,,,,,
dataflow,ESTAT:DEMO_PJANGROUP(1.0),Population on 1 January by age group and sex,A,Annual,NR,Number,M,Males,Y20-24,From 20 to 24 years,UK,United Kingdom,2018,,2153737,,,,,
dataflow,ESTAT:DEMO_PJANGROUP(1.0),Population on 1 January by age group and sex,A,Annual,NR,Number,M,Males,Y20-24,From 20 to 24 years,UK,United Kingdom,2019,,2144598,,,,,
dataflow,ESTAT:DEMO_PJANGROUP(1.0),Population on 1 January by age group and sex,A,Annual,NR,Number,T,Total,Y15-19,From 15 to 19 years,DE,Germany,2004,,4742205,,,,,
dataflow,ESTAT:DEMO_PJANGROUP(1.0),Population on 1 January by age group and sex,A,Annual,NR,Number,T,Total,Y15-19,From 15 to 19 years,DE,Germany,2005,,4787864.0,,,,,
dataflow,ESTAT:DEMO_PJANGROUP(1.0),Population on 1 January by age group and sex,A,Annual,NR,Number,T,Total,Y15-19,From 15 to 19 years,DE,Germany,2006,,4835789.0,,,,,
dataflow,ESTAT:DEMO_PJANGROUP(1.0),Population on 1 January by age group and sex,A,Annual,NR,Number,T,Total,Y15-19,From 15 to 19 years,DE,Germany,2007,,4762364.0,,,,,
dataflow,ESTAT:DEMO_PJANGROUP(1.0),Population on 1 January by age group and sex,A,Annual,NR,Number,T,Total,Y15-19,From 15 to 19 years,DE,Germany,2008,,4642964.0,,,,,
dataflow,ESTAT:DEMO_PJANGROUP(1.0),Population on 1 January by age group and sex,A,Annual,NR,Number,T,Total,Y15-19,From 15 to 19 years,DE,Germany,2009,,4479630.0,,,,,
dataflow,ESTAT:DEMO_PJANGROUP(1.0),Population on 1 January by age group and sex,A,Annual,NR,Number,T,Total,Y15-19,From 15 to 19 years,DE,Germany,2010,,4317072.0,,,,,
dataflow,ESTAT:DEMO_PJANGROUP(1.0),Population on 1 January by age group and sex,A,Annual,NR,Number,T,Total,Y15-19,From 15 to 19 years,DE,Germany,2011,,4068782,,b,break in time series,,
dataflow,ESTAT:DEMO_PJANGROUP(1.0),Population on 1 January by age group and sex,A,Annual,NR,Number,T,Total,Y15-19,From 15 to 19 years,DE,Germany,2012,,4027946,,,,,
dataflow,ESTAT:DEMO_PJANGROUP(1.0),Population on 1 January by age group and sex,A,Annual,NR,Number,T,Total,Y15-19,From 15 to 19 years,DE,Germany,2013,,4038105,,,,,
dataflow,ESTAT:DEMO_PJANGROUP(1.0),Population on 1 January by age group and sex,A,Annual,NR,Number,T,Total,Y15-19,From 15 to 19 years,DE,Germany,2014,,4040497,,,,,
dataflow,ESTAT:DEMO_PJANGROUP(1.0),Population on 1 January by age group and sex,A,Annual,NR,Number,T,Total,Y15-19,From 15 to 19 years,DE,Germany,2015,,4066788,,,,,
dataflow,ESTAT:DEMO_PJANGROUP(1.0),Population on 1 January by age group and sex,A,Annual,NR,Number,T,Total,Y15-19,From 15 to 19 years,DE,Germany,2016,,4189964,,,,,
dataflow,ESTAT:DEMO_PJANGROUP(1.0),Population on 1 January by age group and sex,A,Annual,NR,Number,T,Total,Y15-19,From 15 to 19 years,DE,Germany,2017,,4172869,,,,,
dataflow,ESTAT:DEMO_PJANGROUP(1.0),Population on 1 January by age group and sex,A,Annual,NR,Number,T,Total,Y15-19,From 15 to 19 years,DE,Germany,2018,,4080567,,,,,
dataflow,ESTAT:DEMO_PJANGROUP(1.0),Population on 1 January by age group and sex,A,Annual,NR,Number,T,Total,Y15-19,From 15 to 19 years,DE,Germany,2019,,4003477,,,,,
dataflow,ESTAT:DEMO_PJANGROUP(1.0),Population on 1 January by age group and sex,A,Annual,NR,Number,T,Total,Y15-19,From 15 to 19 years,DE,Germany,2020,,3939243,,,,,
dataflow,ESTAT:DEMO_PJANGROUP(1.0),Population on 1 January by age group and sex,A,Annual,NR,Number,T,Total,Y15-19,From 15 to 19 years,DE,Germany,2021,,3856774,,,,,
dataflow,ESTAT:DEMO_PJANGROUP(1.0),Population on 1 January by age group and sex,A,Annual,NR,Number,T,Total,Y15-19,From 15 to 19 years,DE,Germany,2022,,3826980,,,,,
dataflow,ESTAT:DEMO_PJANGROUP(1.0),Population on 1 January by age group and sex,A,Annual,NR,Number,T,Total,Y15-19,From 15 to 19 years,DE,Germany,2023,,3864600,,b,break in time series,,
dataflow,ESTAT:DEMO_PJANGROUP(1.0),Population on 1 January by age group and sex,A,Annual,NR,Number,T,Total,Y15-19,From 15 to 19 years,DE,Germany,2024,,3945710,,,,,
dataflow,ESTAT:DEMO_PJANGROUP(1.0),Population on 1 January by age group and sex,A,Annual,NR,Number,T,Total,Y15-19,From 15 to 19 years,DE_TOT,Germany including former GDR,2004,,4742205,,,,,
dataflow,ESTAT:DEMO_PJANGROUP(1.0),Population on 1 January by age group and sex,A,Annual,NR,Number,T,Total,Y15-19,From 15 to 19 years,DE_TOT,Germany including former GDR,2005,,4787864.0,,,,,
dataflow,ESTAT:DEMO_PJANGROUP(1.0),Population on 1 January by age group and sex,A,Annual,NR,Number,T,Total,Y15-19,From 15 to 19 years,DE_TOT,Germany including former GDR,2006,,4835789.0,,,,,
dataflow,ESTAT:DEMO_PJANGROUP(1.0),Population on 1 January by age group and sex,A,Annual,NR,Number,T,Total,Y15-19,From 15 to 19 years,DE_TOT,Germany including former GDR,2007,,4762364.0,,,,,
dataflow,ESTAT:DEMO_PJANGROUP(1.0),Population on 1 January by age group and sex,A,Annual,NR,Number,T,Total,Y15-19,From 15 to 19 years,DE_TOT,Germany including former GDR,2008,,4642964.0,,,,,
dataflow,ESTAT:DEMO_PJANGROUP(1.0),Population on 1 January by age group and sex,A,Annual,NR,Number,T,Total,Y15-19,From 15 to 19 years,DE_TOT,Germany including former GDR,2009,,4479630.0,,,,,
dataflow,ESTAT:DEMO_PJANGROUP(1.0),Population on 1 January by age group and sex,A,Annual,NR,Number,T,Total,Y15-19,From 15 to 19 years,DE_TOT,Germany including former GDR,2010,,4317072.0,,,,,
dataflow,ESTAT:DEMO_PJANGROUP(1.0),Population on 1 January by age group and sex,A,Annual,NR,Number,T,Total,Y15-19,From 15 to 19 years,DE_TOT,Germany including former GDR,2011,,4068782,,b,break in time series,,
dataflow,ESTAT:DEMO_PJANGROUP(1.0),Population on 1 January by age group and sex,A,Annual,NR,Number,T,Total,Y15-19,From 15 to 19 years,DE_TOT,Germany including former GDR,2012,,4027946,,,,,
dataflow,ESTAT:DEMO_PJANGROUP(1.0),Population on 1 January by age group and sex,A,Annual,NR,Number,T,Total,Y15-19,From 15 to 19 years,DE_TOT,Germany including former GDR,2013,,4038105,,,,,
dataflow,ESTAT:DEMO_PJANGROUP(1.0),Population on 1 January by age group and sex,A,Annual,NR,Number,T,Total,Y15-19,From 15 to 19 years,DE_TOT,Germany including former GDR,2014,,4040497,,,,,
dataflow,ESTAT:DEMO_PJANGROUP(1.0),Population on 1 January by age group and sex,A,Annual,NR,Number,T,Total,Y15-19,From 15 to 19 years,DE_TOT,Germany including former GDR,2015,,4066788,,,,,
dataflow,ESTAT:DEMO_PJANGROUP(1.0),Population on 1 January by age group and sex,A,Annual,NR,Number,T,Total,Y15-19,From 15 to 19 years,DE_TOT,Germany including former GDR,2016,,4189964,,,,,
dataflow,ESTAT:DEMO_PJANGROUP(1.0),Population on 1 January by age group and sex,A,Annual,NR,Number,T,Total,Y15-19,From 15 to 19 years,DE_TOT,Germany including former GDR,2017,,4172869,,,,,
dataflow,ESTAT:DEMO_PJANGROUP(1.0),Population on 1 January by age group and sex,A,Annual,NR,Number,T,Total,Y15-19,From 15 to 19 years,DE_TOT,Germany including former GDR,2018,,4080567,,,,,
dataflow,ESTAT:DEMO_PJANGROUP(1.0),Population on 1 January by age group and sex,A,Annual,NR,Number,T,Total,Y15-19,From 15 to 19 years,DE_TOT,Germany including former GDR,2019,,4003477,,,,,
dataflow,ESTAT:DEMO_PJANGROUP(1.0),Population on 1 January by age group and sex,A,Annual,NR,Number,T,Total,Y15-19,From 15 to 19 years,DE_TOT,Germany including former GDR,2020,,3939243,,,,,
dataflow,ESTAT:DEMO_PJANGROUP(1.0),Population on 1 January by age group and sex,A,Annual,NR,Number,T,Total,Y15-19,From 15 to 19 years,DE_TOT,Germany including former GDR,2021,,3856774,,,,,
dataflow,ESTAT:DEMO_PJANGROUP(1.0),Population on 1 January by age group and sex,A,Annual,NR,Number,T,Total,Y15-19,From 15 to 19 years,DE_TOT,Germany including former GDR,2022,,3826980,,,,,
dataflow,ESTAT:DEMO_PJANGROUP(1.0),Population on 1 January by age group and sex,A,Annual,NR,Number,T,Total,Y15-19,From 15 to 19 years,DE_TOT,Germany including former GDR,2023,,3864600,,b,break in time series,,
dataflow,ESTAT:DEMO_PJANGROUP(1.0),Population on 1 January by age group and sex,A,Annual,NR,Number,T,Total,Y15-19,From 15 to 19 years,DE_TOT,Germany including former GDR,2024,,3945710,,,,,
dataflow,ESTAT:DEMO_PJANGROUP(1.0),Population on 1 January by age group and sex,A,Annual,NR,Number,T,Total,Y15-19,From 15 to 19 years,FR,France,2004,,4106688,,,,,
dataflow,ESTAT:DEMO_PJANGROUP(1.0),Population on 1 January by age group and sex,A,Annual,NR,Number,T,Total,Y15-19,From 15 to 19 years,FR,France,2005,,4155486.0,,,,,
dataflow,ESTAT:DEMO_PJANGROUP(1.0),Population on 1 January by age group and sex,A,Annual,NR,Number,T,Total,Y15-19,From 15 to 19 years,FR,France,2006,,4174676.0,,,,,
dataflow,ESTAT:DEMO_PJANGROUP(1.0),Population on 1 January by age group and sex,A,Annual,NR,Number,T,Total,Y15-19,From 15 to 19 years,FR,France,2007,,4149488.0,,,,,
dataflow,ESTAT:DEMO_PJANGROUP(1.0),Population on 1 January by age group and sex,A,Annual,NR,Number,T,Total,Y15-19,From 15 to 19 years,FR,France,2008,,4124596.0,,,,,
dataflow,ESTAT:DEMO_PJANGROUP(1.0),Population on 1 January by age group and sex,A,Annual,NR,Number,T,Total,Y15-19,From 15 to 19 years,FR,France,2009,,4062243.0,,,,,
dataflow,ESTAT:DEMO_PJANGROUP(1.0),Population on 1 January by age group and sex,A,Annual,NR,Number,T,Total,Y15-19,From 15 to 19 years,FR,France,2010,,4014434.0,,,,,
dataflow,ESTAT:DEMO_PJANGROUP(1.0),Population on 1 January by age group and sex,A,Annual,NR,Number,T,Total,Y15-19,From 15 to 19 years,FR,France,2011,,3980103,,,,,
dataflow,ESTAT:DEMO_PJANGROUP(1.0),Population on 1 January by age group and sex,A,Annual,NR,Number,T,Total,Y15-19,From 15 to 19 years,FR,France,2012,,3925548,,,,,
dataflow,ESTAT:DEMO_PJANGROUP(1.0),Population on 1 January by age group and sex,A,Annual,NR,Number,T,Total,Y15-19,From 15 to 19 years,FR,France,2013,,3911515,,,,,
dataflow,ESTAT:DEMO_PJANGROUP(1.0),Population on 1 January by age group and sex,A,Annual,NR,Number,T,Total,Y15-19,From 15 to 19 years,FR,France,2014,,3976653,,b,break in time series,,
dataflow,ESTAT:DEMO_PJANGROUP(1.0),Population on 1 January by age group and sex,A,Annual,NR,Number,T,Total,Y15-19,From 15 to 19 years,FR,France,2015,,4021728,,,,,
dataflow,ESTAT:DEMO_PJANGROUP(1.0),Population on 1 January by age group and sex,A,Annual,NR,Number,T,Total,Y15-19,From 15 to 19 years,FR,France,2016,,4077434,,,,,
dataflow,ESTAT:DEMO_PJANGROUP(1.0),Population on 1 January by age group and sex,A,Annual,NR,Number,T,Total,Y15-19,From 15 to 19 years,FR,France,2017,,4103136,,,,,
dataflow,ESTAT:DEMO_PJANGROUP(1.0),Population on 1 January by age group and sex,A,Annual,NR,Number,T,Total,Y15-19,From 15 to 19 years,FR,France,2018,,4142585,,p,provisional,,
dataflow,ESTAT:DEMO_PJANGROUP(1.0),Population on 1 January by age group and sex,A,Annual,NR,Number,T,Total,Y15-19,From 15 to 19 years,FR,France,2019,,4182553,,,,,
dataflow,ESTAT:DEMO_PJANGROUP(1.0),Population on 1 January by age group and sex,A,Annual,NR,Number,T,Total,Y15-19,From 15 to 19 years,FR,France,2020,,4183848,,,,,
dataflow,ESTAT:DEMO_PJANGROUP(1.0),Population on 1 January by age group and sex,A,Annual,NR,Number,T,Total,Y15-19,From 15 to 19 years,FR,France,2021,,4160556,,,,,
dataflow,ESTAT:DEMO_PJANGROUP(1.0),Population on 1 January by age group and sex,A,Annual,NR,Number,T,Total,Y15-19,From 15 to 19 years,FR,France,2022,,4181454,,,,,
dataflow,ESTAT:DEMO_PJANGROUP(1.0),Population on 1 January by age group and sex,A,Annual,NR,Number,T,Total,Y15-19,From 15 to 19 years,FR,France,2023,,4211370,,p,provisional,,
dataflow,ESTAT:DEMO_PJANGROUP(1.0),Population on 1 January by age group and sex,A,Annual,NR,Number,T,Total,Y15-19,From 15 to 19 years,FR,France,2024,,4256949,,p,provisional,,
dataflow,ESTAT:DEMO_PJANGROUP(1.0),Population on 1 January by age group and sex,A,Annual,NR,Number,T,Total,Y15-19,From 15 to 19 years,UK,United Kingdom,2004,,3846907,,,,,
dataflow,ESTAT:DEMO_PJANGROUP(1.0),Population on 1 January by age group and sex,A,Annual,NR,Number,T,Total,Y15-19,From 15 to 19 years,UK,United Kingdom,2005,,3885324.0,,,,,
dataflow,ESTAT:DEMO_PJANGROUP(1.0),Population on 1 January by age group and sex,A,Annual,NR,Number,T,Total,Y15-19,From 15 to 19 years,UK,United Kingdom,2006,,3923519.0,,,,,
dataflow,ESTAT:DEMO_PJANGROUP(1.0),Population on 1 January by age group and sex,A,Annual,NR,Number,T,Total,Y15-19,From 15 to 19 years,UK,United Kingdom,2007,,3970208.0,,,,,
dataflow,ESTAT:DEMO_PJANGROUP(1.0),Population on 1 January by age group and sex,A,Annual,NR,Number,T,Total,Y15-19,From 15 to 19 years,UK,United Kingdom,2008,,3995021.0,,,,,
dataflow,ESTAT:DEMO_PJANGROUP(1.0),Population on 1 January by age group and sex,A,Annual,NR,Number,T,Total,Y15-19,From 15 to 19 years,UK,United Kingdom,2009,,4006695.0,,,,,
dataflow,ESTAT:DEMO_PJANGROUP(1.0),Population on 1 January by age group and sex,A,Annual,NR,Number,T,Total,Y15-19,From 15 to 19 years,UK,United Kingdom,2010,,4009345.0,,,,,
dataflow,ESTAT:DEMO_PJANGROUP(1.0),Population on 1 January by age group and sex,A,Annual,NR,Number,T,Total,Y15-19,From 15 to 19 years,UK,United Kingdom,2011,,3987383,,,,,
dataflow,ESTAT:DEMO_PJANGROUP(1.0),Population on 1 January by age group and sex,A,Annual,NR,Number,T,Total,Y15-19,From 15 to 19 years,UK,United Kingdom,2012,,3949351,,,,,
dataflow,ESTAT:DEMO_PJANGROUP(1.0),Population on 1 January by age group and sex,A,Annual,NR,Number,T,Total,Y15-19,From 15 to 19 years,UK,United Kingdom,2013,,3904458,,,,,
dataflow,ESTAT:DEMO_PJANGROUP(1.0),Population on 1 January by age group and sex,A,Annual,NR,Number,T,Total,Y15-19,From 15 to 19 years,UK,United Kingdom,2014,,3866445,,,,,
dataflow,ESTAT:DEMO_PJANGROUP(1.0),Population on 1 January by age group and sex,A,Annual,NR,Number,T,Total,Y15-19,From 15 to 19 years,UK,United Kingdom,2015,,3836779,,,,,
dataflow,ESTAT:DEMO_PJANGROUP(1.0),Population on 1 January by age group and sex,A,Annual,NR,Number,T,Total,Y15-19,From 15 to 19 years,UK,United Kingdom,2016,,3801404,,,,,
dataflow,ESTAT:DEMO_PJANGROUP(1.0),Population on 1 January by age group and sex,A,Annual,NR,Number,T,Total,Y15-19,From 15 to 19 years,UK,United Kingdom,2017,,3741583,,,,,
dataflow,ESTAT:DEMO_PJANGROUP(1.0),Population on 1 January by age group and sex,A,Annual,NR,Number,T,Total,Y15-19,From 15 to 19 years,UK,United Kingdom,2018,,3678852,,,,,
dataflow,ESTAT:DEMO_PJANGROUP(1.0),Population on 1 January by age group and sex,A,Annual,NR,Number,T,Total,Y15-19,From 15 to 19 years,UK,United Kingdom,2019,,3661722,,,,,
dataflow,ESTAT:DEMO_PJANGROUP(1.0),Population on 1 January by age group and sex,A,Annual,NR,Number,T,Total,Y20-24,From 20 to 24 years,DE,Germany,2004,,4879471,,,,,
dataflow,ESTAT:DEMO_PJANGROUP(1.0),Population on 1 January by age group and sex,A,Annual,NR,Number,T,Total,Y20-24,From 20 to 24 years,DE,Germany,2005,,4890216.0,,,,,
dataflow,ESTAT:DEMO_PJANGROUP(1.0),Population on 1 January by age group and sex,A,Annual,NR,Number,T,Total,Y20-24,From 20 to 24 years,DE,Germany,2006,,4853808.0,,,,,
dataflow,ESTAT:DEMO_PJANGROUP(1.0),Population on 1 January by age group and sex,A,Annual,NR,Number,T,Total,Y20-24,From 20 to 24 years,DE,Germany,2007,,4848270.0,,,,,
dataflow,ESTAT:DEMO_PJANGROUP(1.0),Population on 1 January by age group and sex,A,Annual,NR,Number,T,Total,Y20-24,From 20 to 24 years,DE,Germany,2008,,4855500.0,,,,,
dataflow,ESTAT:DEMO_PJANGROUP(1.0),Population on 1 January by age group and sex,A,Annual,NR,Number,T,Total,Y20-24,From 20 to 24 years,DE,Germany,2009,,4899839.0,,,,,
dataflow,ESTAT:DEMO_PJANGROUP(1.0),Population on 1 January by age group and sex,A,Annual,NR,Number,T,Total,Y20-24,From 20 to 24 years,DE,Germany,2010,,4934457.0,,,,,
dataflow,ESTAT:DEMO_PJANGROUP(1.0),Population on 1 January by age group and sex,A,Annual,NR,Number,T,Total,Y20-24,From 20 to 24 years,DE,Germany,2011,,4854620,,b,break in time series,,
dataflow,ESTAT:DEMO_PJANGROUP(1.0),Population on 1 January by age group and sex,A,Annual,NR,Number,T,Total,Y20-24,From 20 to 24 years,DE,Germany,2012,,4822077,,,,,
dataflow,ESTAT:DEMO_PJANGROUP(1.0),Population on 1 January by age group and sex,A,Annual,NR,Number,T,Total,Y20-24,From 20 to 24 years,DE,Germany,2013,,4754681,,,,,
dataflow,ESTAT:DEMO_PJANGROUP(1.0),Population on 1 January by age group and sex,A,Annual,NR,Number,T,Total,Y20-24,From 20 to 24 years,DE,Germany,2014,,4662031,,,,,
dataflow,ESTAT:DEMO_PJANGROUP(1.0),Population on 1 January by age group and sex,A,Annual,NR,Number,T,Total,Y20-24,From 20 to 24 years,DE,Germany,2015,,4586328,,,,,
dataflow,ESTAT:DEMO_PJANGROUP(1.0),Population on 1 January by age group and sex,A,Annual,NR,Number,T,Total,Y20-24,From 20 to 24 years,DE,Germany,2016,,4587878,,,,,
dataflow,ESTAT:DEMO_PJANGROUP(1.0),Population on 1 January by age group and sex,A,Annual,NR,Number,T,Total,Y20-24,From 20 to 24 years,DE,Germany,2017,,4574031,,,,,
dataflow,ESTAT:DEMO_PJANGROUP(1.0),Population on 1 January by age group and sex,A,Annual,NR,Number,T,Total,Y20-24,From 20 to 24 years,DE,Germany,2018,,4602514,,,,,
dataflow,ESTAT:DEMO_PJANGROUP(1.0),Population on 1 January by age group and sex,A,Annual,NR,Number,T,Total,Y20-24,From 20 to 24 years,DE,Germany,2019,,4607272,,,,,
dataflow,ESTAT:DEMO_PJANGROUP(1.0),Population on 1 January by age group and sex,A,Annual,NR,Number,T,Total,Y20-24,From 20 to 24 years,DE,Germany,2020,,4608431,,,,,
dataflow,ESTAT:DEMO_PJANGROUP(1.0),Population on 1 January by age group and sex,A,Annual,NR,Number,T,Total,Y20-24,From 20 to 24 years,DE,Germany,2021,,4570491,,,,,
dataflow,ESTAT:DEMO_PJANGROUP(1.0),Population on 1 January by age group and sex,A,Annual,NR,Number,T,Total,Y20-24,From 20 to 24 years,DE,Germany,2022,,4522527,,,,,
dataflow,ESTAT:DEMO_PJANGROUP(1.0),Population on 1 January by age group and sex,A,Annual,NR,Number,T,Total,Y20-24,From 20 to 24 years,DE,Germany,2023,,4406873,,b,break in time series,,
dataflow,ESTAT:DEMO_PJANGROUP(1.0),Population on 1 January by age group and sex,A,Annual,NR,Number,T,Total,Y20-24,From 20 to 24 years,DE,Germany,2024,,4396018,,,,,
dataflow,ESTAT:DEMO_PJANGROUP(1.0),Population on 1 January by age group and sex,A,Annual,NR,Number,T,Total,Y20-24,From 20 to 24 years,DE_TOT,Germany including former GDR,2004,,4879471,,,,,
dataflow,ESTAT:DEMO_PJANGROUP(1.0),Population on 1 January by age group and sex,A,Annual,NR,Number,T,Total,Y20-24,From 20 to 24 years,DE_TOT,Germany including former GDR,2005,,4890216.0,,,,,
dataflow,ESTAT:DEMO_PJANGROUP(1.0),Population on 1 January by age group and sex,A,Annual,NR,Number,T,Total,Y20-24,From 20 to 24 years,DE_TOT,Germany including former GDR,2006,,4853808.0,,,,,
dataflow,ESTAT:DEMO_PJANGROUP(1.0),Population on 1 January by age group and sex,A,Annual,NR,Number,T,Total,Y20-24,From 20 to 24 years,DE_TOT,Germany including former GDR,2007,,4848270.0,,,,,
dataflow,ESTAT:DEMO_PJANGROUP(1.0),Population on 1 January by age group and sex,A,Annual,NR,Number,T,Total,Y20-24,From 20 to 24 years,DE_TOT,Germany including former GDR,2008,,4855500.0,,,,,
dataflow,ESTAT:DEMO_PJANGROUP(1.0),Population on 1 January by age group and sex,A,Annual,NR,Number,T,Total,Y20-24,From 20 to 24 years,DE_TOT,Germany including former GDR,2009,,4899839.0,,,,,
dataflow,ESTAT:DEMO_PJANGROUP(1.0),Population on 1 January by age group and sex,A,Annual,NR,Number,T,Total,Y20-24,From 20 to 24 years,DE_TOT,Germany including former GDR,2010,,4934457.0,,,,,
dataflow,ESTAT:DEMO_PJANGROUP(1.0),Population on 1 January by age group and sex,A,Annual,NR,Number,T,Total,Y20-24,From 20 to 24 years,DE_TOT,Germany including former GDR,2011,,4854620,,b,break in time series,,
dataflow,ESTAT:DEMO_PJANGROUP(1.0),Population on 1 January by age group and sex,A,Annual,NR,Number,T,Total,Y20-24,From 20 to 24 years,DE_TOT,Germany including former GDR,2012,,4822077,,,,,
dataflow,ESTAT:DEMO_PJANGROUP(1.0),Population on 1 January by age group and sex,A,Annual,NR,Number,T,Total,Y20-24,From 20 to 24 years,DE_TOT,Germany including former GDR,2013,,4754681,,,,,
dataflow,ESTAT:DEMO_PJANGROUP(1.0),Population on 1 January by age group and sex,A,Annual,NR,Number,T,Total,Y20-24,From 20 to 24 years,DE_TOT,Germany including former GDR,2014,,4662031,,,,,
dataflow,ESTAT:DEMO_PJANGROUP(1.0),Population on 1 January by age group and sex,A,Annual,NR,Number,T,Total,Y20-24,From 20 to 24 years,DE_TOT,Germany including former GDR,2015,,4586328,,,,,
dataflow,ESTAT:DEMO_PJANGROUP(1.0),Population on 1 January by age group and sex,A,Annual,NR,Number,T,Total,Y20-24,From 20 to 24 years,DE_TOT,Germany including former GDR,2016,,4587878,,,,,
dataflow,ESTAT:DEMO_PJANGROUP(1.0),Population on 1 January by age group and sex,A,Annual,NR,Number,T,Total,Y20-24,From 20 to 24 years,DE_TOT,Germany including former GDR,2017,,4574031,,,,,
dataflow,ESTAT:DEMO_PJANGROUP(1.0),Population on 1 January by age group and sex,A,Annual,NR,Number,T,Total,Y20-24,From 20 to 24 years,DE_TOT,Germany including former GDR,2018,,4602514,,,,,
dataflow,ESTAT:DEMO_PJANGROUP(1.0),Population on 1 January by age group and sex,A,Annual,NR,Number,T,Total,Y20-24,From 20 to 24 years,DE_TOT,Germany including former GDR,2019,,4607272,,,,,
dataflow,ESTAT:DEMO_PJANGROUP(1.0),Population on 1 January by age group and sex,A,Annual,NR,Number,T,Total,Y20-24,From 20 to 24 years,DE_TOT,Germany including former GDR,2020,,4608431,,,,,
dataflow,ESTAT:DEMO_PJANGROUP(1.0),Population on 1 January by age group and sex,A,Annual,NR,Number,T,Total,Y20-24,From 20 to 24 years,DE_TOT,Germany including former GDR,2021,,4570491,,,,,
dataflow,ESTAT:DEMO_PJANGROUP(1.0),Population on 1 January by age group and sex,A,Annual,NR,Number,T,Total,Y20-24,From 20 to 24 years,DE_TOT,Germany including former GDR,2022,,4522527,,,,,
dataflow,ESTAT:DEMO_PJANGROUP(1.0),Population on 1 January by age group and sex,A,Annual,NR,Number,T,Total,Y20-24,From 20 to 24 years,DE_TOT,Germany including former GDR,2023,,4406873,,b,break in time series,,
dataflow,ESTAT:DEMO_PJANGROUP(1.0),Population on 1 January by age group and sex,A,Annual,NR,Number,T,Total,Y20-24,From 20 to 24 years,DE_TOT,Germany including former GDR,2024,,4396018,,,,,
dataflow,ESTAT:DEMO_PJANGROUP(1.0),Population on 1 January by age group and sex,A,Annual,NR,Number,T,Total,Y20-24,From 20 to 24 years,FR,France,2004,,4016643,,,,,
dataflow,ESTAT:DEMO_PJANGROUP(1.0),Population on 1 January by age group and sex,A,Annual,NR,Number,T,Total,Y20-24,From 20 to 24 years,FR,France,2005,,4039654.0,,,,,
dataflow,ESTAT:DEMO_PJANGROUP(1.0),Population on 1 January by age group and sex,A,Annual,NR,Number,T,Total,Y20-24,From 20 to 24 years,FR,France,2006,,4047712.0,,,,,
dataflow,ESTAT:DEMO_PJANGROUP(1.0),Population on 1 January by age group and sex,A,Annual,NR,Number,T,Total,Y20-24,From 20 to 24 years,FR,France,2007,,4031883.0,,,,,
dataflow,ESTAT:DEMO_PJANGROUP(1.0),Population on 1 January by age group and sex,A,Annual,NR,Number,T,Total,Y20-24,From 20 to 24 years,FR,France,2008,,4006503.0,,,,,
dataflow,ESTAT:DEMO_PJANGROUP(1.0),Population on 1 January by age group and sex,A,Annual,NR,Number,T,Total,Y20-24,From 20 to 24 years,FR,France,2009,,4033788.0,,,,,
dataflow,ESTAT:DEMO_PJANGROUP(1.0),Population on 1 January by age group and sex,A,Annual,NR,Number,T,Total,Y20-24,From 20 to 24 years,FR,France,2010,,4033745.0,,,,,
dataflow,ESTAT:DEMO_PJANGROUP(1.0),Population on 1 January by age group and sex,A,Annual,NR,Number,T,Total,Y20-24,From 20 to 24 years,FR,France,2011,,4017384,,,,,
dataflow,ESTAT:DEMO_PJANGROUP(1.0),Population on 1 January by age group and sex,A,Annual,NR,Number,T,Total,Y20-24,From 20 to 24 years,FR,France,2012,,3987272,,,,,
dataflow,ESTAT:DEMO_PJANGROUP(1.0),Population on 1 January by age group and sex,A,Annual,NR,Number,T,Total,Y20-24,From 20 to 24 years,FR,France,2013,,3957404,,,,,
dataflow,ESTAT:DEMO_PJANGROUP(1.0),Population on 1 January by age group and sex,A,Annual,NR,Number,T,Total,Y20-24,From 20 to 24 years,FR,France,2014,,3903097,,b,break in time series,,
dataflow,ESTAT:DEMO_PJANGROUP(1.0),Population on 1 January by age group and sex,A,Annual,NR,Number,T,Total,Y20-24,From 20 to 24 years,FR,France,2015,,3837503,,,,,
dataflow,ESTAT:DEMO_PJANGROUP(1.0),Population on 1 January by age group and sex,A,Annual,NR,Number,T,Total,Y20-24,From 20 to 24 years,FR,France,2016,,3785684,,,,,
dataflow,ESTAT:DEMO_PJANGROUP(1.0),Population on 1 January by age group and sex,A,Annual,NR,Number,T,Total,Y20-24,From 20 to 24 years,FR,France,2017,,3752221,,,,,
dataflow,ESTAT:DEMO_PJANGROUP(1.0),Population on 1 January by age group and sex,A,Annual,NR,Number,T,Total,Y20-24,From 20 to 24 years,FR,France,2018,,3728702,,p,provisional,,
dataflow,ESTAT:DEMO_PJANGROUP(1.0),Population on 1 January by age group and sex,A,Annual,NR,Number,T,Total,Y20-24,From 20 to 24 years,FR,France,2019,,3772150,,,,,
dataflow,ESTAT:DEMO_PJANGROUP(1.0),Population on 1 January by age group and sex,A,Annual,NR,Number,T,Total,Y20-24,From 20 to 24 years,FR,France,2020,,3800748,,,,,
dataflow,ESTAT:DEMO_PJANGROUP(1.0),Population on 1 January by age group and sex,A,Annual,NR,Number,T,Total,Y20-24,From 20 to 24 years,FR,France,2021,,3868391,,,,,
dataflow,ESTAT:DEMO_PJANGROUP(1.0),Population on 1 January by age group and sex,A,Annual,NR,Number,T,Total,Y20-24,From 20 to 24 years,FR,France,2022,,3926056,,,,,
dataflow,ESTAT:DEMO_PJANGROUP(1.0),Population on 1 January by age group and sex,A,Annual,NR,Number,T,Total,Y20-24,From 20 to 24 years,FR,France,2023,,3957159,,p,provisional,,
dataflow,ESTAT:DEMO_PJANGROUP(1.0),Population on 1 January by age group and sex,A,Annual,NR,Number,T,Total,Y20-24,From 20 to 24 years,FR,France,2024,,3956031,,p,provisional,,
dataflow,ESTAT:DEMO_PJANGROUP(1.0),Population on 1 January by age group and sex,A,Annual,NR,Number,T,Total,Y20-24,From 20 to 24 years,UK,United Kingdom,2004,,3794800,,,,,
dataflow,ESTAT:DEMO_PJANGROUP(1.0),Population on 1 January by age group and sex,A,Annual,NR,Number,T,Total,Y20-24,From 20 to 24 years,UK,United Kingdom,2005,,3889786.0,,,,,
dataflow,ESTAT:DEMO_PJANGROUP(1.0),Population on 1 January by age group and sex,A,Annual,NR,Number,T,Total,Y20-24,From 20 to 24 years,UK,United Kingdom,2006,,3974569.0,,,,,
dataflow,ESTAT:DEMO_PJANGROUP(1.0),Population on 1 January by age group and sex,A,Annual,NR,Number,T,Total,Y20-24,From 20 to 24 years,UK,United Kingdom,2007,,4047456.0,,,,,
dataflow,ESTAT:DEMO_PJANGROUP(1.0),Population on 1 January by age group and sex,A,Annual,NR,Number,T,Total,Y20-24,From 20 to 24 years,UK,United Kingdom,2008,,4112987.0,,,,,
dataflow,ESTAT:DEMO_PJANGROUP(1.0),Population on 1 January by age group and sex,A,Annual,NR,Number,T,Total,Y20-24,From 20 to 24 years,UK,United Kingdom,2009,,4143806.0,,,,,
dataflow,ESTAT:DEMO_PJANGROUP(1.0),Population on 1 January by age group and sex,A,Annual,NR,Number,T,Total,Y20-24,From 20 to 24 years,UK,United Kingdom,2010,,4174576.0,,,,,
dataflow,ESTAT:DEMO_PJANGROUP(1.0),Population on 1 January by age group and sex,A,Annual,NR,Number,T,Total,Y20-24,From 20 to 24 years,UK,United Kingdom,2011,,4251074,,,,,
dataflow,ESTAT:DEMO_PJANGROUP(1.0),Population on 1 January by age group and sex,A,Annual,NR,Number,T,Total,Y20-24,From 20 to 24 years,UK,United Kingdom,2012,,4316200,,,,,
dataflow,ESTAT:DEMO_PJANGROUP(1.0),Population on 1 January by age group and sex,A,Annual,NR,Number,T,Total,Y20-24,From 20 to 24 years,UK,United Kingdom,2013,,4323564,,,,,
dataflow,ESTAT:DEMO_PJANGROUP(1.0),Population on 1 January by age group and sex,A,Annual,NR,Number,T,Total,Y20-24,From 20 to 24 years,UK,United Kingdom,2014,,4314134,,,,,
dataflow,ESTAT:DEMO_PJANGROUP(1.0),Population on 1 January by age group and sex,A,Annual,NR,Number,T,Total,Y20-24,From 20 to 24 years,UK,United Kingdom,2015,,4304381,,,,,
dataflow,ESTAT:DEMO_PJANGROUP(1.0),Population on 1 January by age group and sex,A,Annual,NR,Number,T,Total,Y20-24,From 20 to 24 years,UK,United Kingdom,2016,,4274219,,,,,
dataflow,ESTAT:DEMO_PJANGROUP(1.0),Population on 1 January by age group and sex,A,Annual,NR,Number,T,Total,Y20-24,From 20 to 24 years,UK,United Kingdom,2017,,4230495,,,,,
dataflow,ESTAT:DEMO_PJANGROUP(1.0),Population on 1 January by age group and sex,A,Annual,NR,Number,T,Total,Y20-24,From 20 to 24 years,UK,United Kingdom,2018,,4194671,,,,,
dataflow,ESTAT:DEMO_PJANGROUP(1.0),Population on 1 January by age group and sex,A,Annual,NR,Number,T,Total,Y20-24,From 20 to 24 years,UK,United Kingdom,2019,,4170514,,,,,
